"filename","name","new_name","remarks"
"access.php","EZ_ACCESS_TYPE_DEFAULT",,
"access.php","EZ_ACCESS_TYPE_URI",,
"access.php","EZ_ACCESS_TYPE_PORT",,
"access.php","EZ_ACCESS_TYPE_HTTP_HOST",,
"access.php","EZ_ACCESS_TYPE_INDEX_FILE",,
"access.php","EZ_ACCESS_TYPE_STATIC",,
"access.php","EZ_ACCESS_TYPE_SERVER_VAR",,
"access.php","EZ_ACCESS_TYPE_URL",,
"access.php","EZ_ACCESS_SUBTYPE_PRE",,
"access.php","EZ_ACCESS_SUBTYPE_POST",,
"bin/php/ezwebincommon.php","EZ_INSTALL_PACKAGE_EXTRA_ACTION_QUIT",,
"bin/php/ezwebincommon.php","EZ_INSTALL_PACKAGE_EXTRA_ACTION_SKIP_PACKAGE",,
"ezpgenerateautoloads.php","EZP_GENAUTOLOADS_NONE",,
"ezpgenerateautoloads.php","EZP_GENAUTOLOADS_KERNEL",,
"ezpgenerateautoloads.php","EZP_GENAUTOLOADS_EXTENSION",,
"ezpgenerateautoloads.php","EZP_GENAUTOLOADS_BOTH",,
"index_image.php","STORAGE_BACKEND",,
"index_image.php","STORAGE_HOST",,
"index_image.php","STORAGE_PORT",,
"index_image.php","STORAGE_SOCKET",,
"index_image.php","STORAGE_USER",,
"index_image.php","STORAGE_PASS",,
"index_image.php","STORAGE_DB",,
"index_image.php","STORAGE_CHUNK_SIZE",,
"index_image_mysql.php","TABLE_METADATA",,
"index_image_mysql.php","TABLE_DATA",,
"index_treemenu.php","MAX_AGE",,
"kernel/classes/binaryhandlers/ezfiledirect/ezfiledirecthandler.php","EZ_FILE_DIRECT_ID","eZFileDirectHandler::HANDLER_ID",
"kernel/classes/binaryhandlers/ezfilepasstrough/ezfilepasstroughhandler.php","EZ_FILE_PASSTROUGH_ID","eZFilePasstroughHandler::HANDLER_ID",
"kernel/classes/clusterfilehandlers/ezdbfilehandler.php","EZCLUSTER_LOCAL_CACHE","eZDBFileHandler::LOCAL_CACHE",
"kernel/classes/clusterfilehandlers/ezdbfilehandler.php","EZCLUSTER_INFOCACHE_MAX","eZDBFileHandler::INFOCACHE_MAX",
"kernel/classes/collaborationhandlers/ezapprove/ezapprovecollaborationhandler.php","EZ_COLLABORATION_MESSAGE_TYPE_APPROVE","eZApproveCollaborationHandler::MESSAGE_TYPE_APPROVE",
"kernel/classes/collaborationhandlers/ezapprove/ezapprovecollaborationhandler.php","EZ_COLLABORATION_APPROVE_STATUS_WAITING","eZApproveCollaborationHandler::STATUS_WAITING",
"kernel/classes/collaborationhandlers/ezapprove/ezapprovecollaborationhandler.php","EZ_COLLABORATION_APPROVE_STATUS_ACCEPTED","eZApproveCollaborationHandler::STATUS_ACCEPTED",
"kernel/classes/collaborationhandlers/ezapprove/ezapprovecollaborationhandler.php","EZ_COLLABORATION_APPROVE_STATUS_DENIED","eZApproveCollaborationHandler::STATUS_DENIED",
"kernel/classes/collaborationhandlers/ezapprove/ezapprovecollaborationhandler.php","EZ_COLLABORATION_APPROVE_STATUS_DEFERRED","eZApproveCollaborationHandler::STATUS_DEFERRED",
"kernel/classes/datatypes/ezauthor/ezauthortype.php","EZ_DATATYPESTRING_AUTHOR","eZAuthorType::DATA_TYPE_STRING",
"kernel/classes/datatypes/ezbinaryfile/ezbinaryfiletype.php","EZ_DATATYPESTRING_MAX_BINARY_FILESIZE_FIELD","eZBinaryFileType::MAX_FILESIZE_FIELD",
"kernel/classes/datatypes/ezbinaryfile/ezbinaryfiletype.php","EZ_DATATYPESTRING_MAX_BINARY_FILESIZE_VARIABLE","eZBinaryFileType::MAX_FILESIZE_VARIABLE",
"kernel/classes/datatypes/ezbinaryfile/ezbinaryfiletype.php","EZ_DATATYPESTRING_BINARYFILE","eZBinaryFileType::DATA_TYPE_STRING",
"kernel/classes/datatypes/ezboolean/ezbooleantype.php","EZ_DATATYPESTRING_BOOLEAN","eZBooleanType::DATA_TYPE_STRING",
"kernel/classes/datatypes/ezcountry/ezcountrytype.php","EZ_DATATYPESTRING_COUNTRY","eZCountryType::DATA_TYPE_STRING",
"kernel/classes/datatypes/ezcountry/ezcountrytype.php","EZ_DATATYPESTRING_COUNTRY_DEFAULT_LIST_FIELD","eZCountryType::DEFAULT_LIST_FIELD",
"kernel/classes/datatypes/ezcountry/ezcountrytype.php","EZ_DATATYPESTRING_COUNTRY_MULTIPLE_CHOICE_FIELD","eZCountryType::MULTIPLE_CHOICE_FIELD",
"kernel/classes/datatypes/ezdate/ezdatetype.php","EZ_DATATYPESTRING_DATE","eZDateType::DATA_TYPE_STRING",
"kernel/classes/datatypes/ezdate/ezdatetype.php","EZ_DATATYPESTRING_DATE_DEFAULT","eZDateType::DEFAULT_FIELD",
"kernel/classes/datatypes/ezdate/ezdatetype.php","EZ_DATATYPESTRING_DATE_DEFAULT_EMTPY","eZDateType::DEFAULT_EMTPY",
"kernel/classes/datatypes/ezdate/ezdatetype.php","EZ_DATATYPESTRING_DATE_DEFAULT_CURRENT_DATE","eZDateType::DEFAULT_CURRENT_DATE",
"kernel/classes/datatypes/ezdatetime/ezdatetimetype.php","EZ_DATATYPESTRING_DATETIME","eZDateTimeType::DATA_TYPE_STRING",
"kernel/classes/datatypes/ezdatetime/ezdatetimetype.php","EZ_DATATYPESTRING_DATETIME_DEFAULT","eZDateTimeType::DEFAULT_FIELD",
"kernel/classes/datatypes/ezdatetime/ezdatetimetype.php","EZ_DATATYPESTRING_DATETIME_ADJUSTMENT_FIELD","eZDateTimeType::ADJUSTMENT_FIELD",
"kernel/classes/datatypes/ezdatetime/ezdatetimetype.php","EZ_DATATYPESTRING_DATETIME_DEFAULT_EMTPY","eZDateTimeType::DEFAULT_EMTPY",
"kernel/classes/datatypes/ezdatetime/ezdatetimetype.php","EZ_DATATYPESTRING_DATETIME_DEFAULT_CURRENT_DATE","eZDateTimeType::DEFAULT_CURRENT_DATE",
"kernel/classes/datatypes/ezdatetime/ezdatetimetype.php","EZ_DATATYPESTRING_DATETIME_DEFAULT_ADJUSTMENT","eZDateTimeType::DEFAULT_ADJUSTMENT",
"kernel/classes/datatypes/ezemail/ezemailtype.php","EZ_DATATYPESTRING_EMAIL","eZEmailType::DATA_TYPE_STRING",
"kernel/classes/datatypes/ezenum/ezenumtype.php","EZ_DATATYPESTRING_ENUM","eZEnumType::DATA_TYPE_STRING",
"kernel/classes/datatypes/ezenum/ezenumtype.php","EZ_DATATYPESTRING_ENUM_ISMULTIPLE_FIELD","eZEnumType::IS_MULTIPLE_FIELD",
"kernel/classes/datatypes/ezenum/ezenumtype.php","EZ_DATATYPESTRING_ENUM_ISMULTIPLE_VARIABLE","eZEnumType::IS_MULTIPLE_VARIABLE",
"kernel/classes/datatypes/ezenum/ezenumtype.php","EZ_DATATYPESTRING_ENUM_ISOPTION_FIELD","eZEnumType::IS_OPTION_FIELD",
"kernel/classes/datatypes/ezenum/ezenumtype.php","EZ_DATATYPESTRING_ENUM_ISOPTION_VARIABLE","eZEnumType::IS_OPTION_VARIABLE",
"kernel/classes/datatypes/ezfloat/ezfloattype.php","EZ_DATATYPESTRING_FLOAT","eZFloatType::DATA_TYPE_STRING",
"kernel/classes/datatypes/ezfloat/ezfloattype.php","EZ_DATATYPESTRING_MIN_FLOAT_FIELD","eZFloatType::MIN_FIELD",
"kernel/classes/datatypes/ezfloat/ezfloattype.php","EZ_DATATYPESTRING_MIN_FLOAT_VARIABLE","eZFloatType::MIN_VARIABLE",
"kernel/classes/datatypes/ezfloat/ezfloattype.php","EZ_DATATYPESTRING_MAX_FLOAT_FIELD","eZFloatType::MAX_FIELD",
"kernel/classes/datatypes/ezfloat/ezfloattype.php","EZ_DATATYPESTRING_MAX_FLOAT_VARIABLE","eZFloatType::MAX_VARIABLE",
"kernel/classes/datatypes/ezfloat/ezfloattype.php","EZ_DATATYPESTRING_DEFAULT_FLOAT_FIELD","eZFloatType::DEFAULT_FIELD",
"kernel/classes/datatypes/ezfloat/ezfloattype.php","EZ_DATATYPESTRING_DEFAULT_FLOAT_VARIABLE","eZFloatType::DEFAULT_VARIABLE",
"kernel/classes/datatypes/ezfloat/ezfloattype.php","EZ_DATATYPESTRING_FLOAT_INPUT_STATE_FIELD","eZFloatType::INPUT_STATE_FIELD",
"kernel/classes/datatypes/ezfloat/ezfloattype.php","EZ_FLOAT_NO_MIN_MAX_VALUE","eZFloatType::NO_MIN_MAX_VALUE",
"kernel/classes/datatypes/ezfloat/ezfloattype.php","EZ_FLOAT_HAS_MIN_VALUE","eZFloatType::HAS_MIN_VALUE",
"kernel/classes/datatypes/ezfloat/ezfloattype.php","EZ_FLOAT_HAS_MAX_VALUE","eZFloatType::HAS_MAX_VALUE",
"kernel/classes/datatypes/ezfloat/ezfloattype.php","EZ_FLOAT_HAS_MIN_MAX_VALUE","eZFloatType::HAS_MIN_MAX_VALUE",
"kernel/classes/datatypes/ezidentifier/ezidentifiertype.php","EZ_DATATYPESTRING_PRETEXT_FIELD","eZIdentifierType::PRETEXT_FIELD",
"kernel/classes/datatypes/ezidentifier/ezidentifiertype.php","EZ_DATATYPESTRING_PRETEXT_VARIABLE","eZIdentifierType::PRETEXT_VARIABLE",
"kernel/classes/datatypes/ezidentifier/ezidentifiertype.php","EZ_DATATYPESTRING_POSTTEXT_FIELD","eZIdentifierType::POSTTEXT_FIELD",
"kernel/classes/datatypes/ezidentifier/ezidentifiertype.php","EZ_DATATYPESTRING_POSTTEXT_VARIABLE","eZIdentifierType::POSTTEXT_VARIABLE",
"kernel/classes/datatypes/ezidentifier/ezidentifiertype.php","EZ_DATATYPESTRING_START_VALUE_FIELD","eZIdentifierType::START_VALUE_FIELD",
"kernel/classes/datatypes/ezidentifier/ezidentifiertype.php","EZ_DATATYPESTRING_START_VALUE_VARIABLE","eZIdentifierType::START_VALUE_VARIABLE",
"kernel/classes/datatypes/ezidentifier/ezidentifiertype.php","EZ_DATATYPESTRING_DIGITS_FIELD","eZIdentifierType::DIGITS_FIELD",
"kernel/classes/datatypes/ezidentifier/ezidentifiertype.php","EZ_DATATYPESTRING_DIGITS_VARIABLE","eZIdentifierType::DIGITS_VARIABLE",
"kernel/classes/datatypes/ezidentifier/ezidentifiertype.php","EZ_DATATYPESTRING_IDENTIFIER_FIELD","eZIdentifierType::IDENTIFIER_FIELD",
"kernel/classes/datatypes/ezidentifier/ezidentifiertype.php","EZ_DATATYPESTRING_IDENTIFIER_VARIABLE","eZIdentifierType::IDENTIFIER_VARIABLE",
"kernel/classes/datatypes/ezidentifier/ezidentifiertype.php","EZ_DATATYPESTRING_IDENTIFIER","eZIdentifierType::DATA_TYPE_STRING",
"kernel/classes/datatypes/ezimage/ezimagetype.php","EZ_DATATYPESTRING_MAX_IMAGE_FILESIZE_FIELD","eZImageType::FILESIZE_FIELD",
"kernel/classes/datatypes/ezimage/ezimagetype.php","EZ_DATATYPESTRING_MAX_IMAGE_FILESIZE_VARIABLE","eZImageType::FILESIZE_VARIABLE",
"kernel/classes/datatypes/ezimage/ezimagetype.php","EZ_DATATYPESTRING_IMAGE","eZImageType::DATA_TYPE_STRING",
"kernel/classes/datatypes/ezinisetting/ezinisettingtype.php","EZ_DATATYPESTRING_INISETTING","eZIniSettingType::DATA_TYPE_STRING",
"kernel/classes/datatypes/ezinisetting/ezinisettingtype.php","EZ_DATATYPEINISETTING_CLASS_TYPE","eZIniSettingType::CLASS_TYPE",
"kernel/classes/datatypes/ezinisetting/ezinisettingtype.php","EZ_DATATYPEINISETTING_CLASS_FILE","eZIniSettingType::CLASS_FILE",
"kernel/classes/datatypes/ezinisetting/ezinisettingtype.php","EZ_DATATYPEINISETTING_CLASS_SECTION","eZIniSettingType::CLASS_SECTION",
"kernel/classes/datatypes/ezinisetting/ezinisettingtype.php","EZ_DATATYPEINISETTING_CLASS_PARAMETER","eZIniSettingType::CLASS_PARAMETER",
"kernel/classes/datatypes/ezinisetting/ezinisettingtype.php","EZ_DATATYPEINISETTING_CLASS_INI_INSTANCE","eZIniSettingType::CLASS_INI_INSTANCE",
"kernel/classes/datatypes/ezinisetting/ezinisettingtype.php","EZ_DATATYPEINISETTING_CLASS_FILE_FIELD","eZIniSettingType::CLASS_FILE_FIELD",
"kernel/classes/datatypes/ezinisetting/ezinisettingtype.php","EZ_DATATYPEINISETTING_CLASS_SECTION_FIELD","eZIniSettingType::CLASS_SECTION_FIELD",
"kernel/classes/datatypes/ezinisetting/ezinisettingtype.php","EZ_DATATYPEINISETTING_CLASS_PARAMETER_FIELD","eZIniSettingType::CLASS_PARAMETER_FIELD",
"kernel/classes/datatypes/ezinisetting/ezinisettingtype.php","EZ_DATATYPEINISETTING_CLASS_TYPE_FIELD","eZIniSettingType::CLASS_TYPE_FIELD",
"kernel/classes/datatypes/ezinisetting/ezinisettingtype.php","EZ_DATATYPEINISETTING_CLASS_INI_INSTANCE_FIELD","eZIniSettingType::CLASS_INI_INSTANCE_FIELD",
"kernel/classes/datatypes/ezinisetting/ezinisettingtype.php","EZ_DATATYPEINISETTING_CLASS_SITE_ACCESS_LIST_FIELD","eZIniSettingType::SITE_ACCESS_LIST_FIELD",
"kernel/classes/datatypes/ezinisetting/ezinisettingtype.php","EZ_DATATYPEINISETTING_CLASS_TYPE_ARRAY","eZIniSettingType::CLASS_TYPE_ARRAY",
"kernel/classes/datatypes/ezinteger/ezintegertype.php","EZ_DATATYPESTRING_INTEGER","eZIntegerType::DATA_TYPE_STRING",
"kernel/classes/datatypes/ezinteger/ezintegertype.php","EZ_DATATYPESTRING_MIN_VALUE_FIELD","eZIntegerType::MIN_VALUE_FIELD",
"kernel/classes/datatypes/ezinteger/ezintegertype.php","EZ_DATATYPESTRING_MIN_VALUE_VARIABLE","eZIntegerType::MIN_VALUE_VARIABLE",
"kernel/classes/datatypes/ezinteger/ezintegertype.php","EZ_DATATYPESTRING_MAX_VALUE_FIELD","eZIntegerType::MAX_VALUE_FIELD",
"kernel/classes/datatypes/ezinteger/ezintegertype.php","EZ_DATATYPESTRING_MAX_VALUE_VARIABLE","eZIntegerType::MAX_VALUE_VARIABLE",
"kernel/classes/datatypes/ezinteger/ezintegertype.php","EZ_DATATYPESTRING_DEFAULT_VALUE_FIELD","eZIntegerType::DEFAULT_VALUE_FIELD",
"kernel/classes/datatypes/ezinteger/ezintegertype.php","EZ_DATATYPESTRING_DEFAULT_VALUE_VARIABLE","eZIntegerType::DEFAULT_VALUE_VARIABLE",
"kernel/classes/datatypes/ezinteger/ezintegertype.php","EZ_DATATYPESTRING_INTEGER_INPUT_STATE_FIELD","eZIntegerType::INPUT_STATE_FIELD",
"kernel/classes/datatypes/ezinteger/ezintegertype.php","EZ_INTEGER_NO_MIN_MAX_VALUE","eZIntegerType::NO_MIN_MAX_VALUE",
"kernel/classes/datatypes/ezinteger/ezintegertype.php","EZ_INTEGER_HAS_MIN_VALUE","eZIntegerType::HAS_MIN_VALUE",
"kernel/classes/datatypes/ezinteger/ezintegertype.php","EZ_INTEGER_HAS_MAX_VALUE","eZIntegerType::HAS_MAX_VALUE",
"kernel/classes/datatypes/ezinteger/ezintegertype.php","EZ_INTEGER_HAS_MIN_MAX_VALUE","eZIntegerType::HAS_MIN_MAX_VALUE",
"kernel/classes/datatypes/ezisbn/ezisbn13.php","EZ_DATATYPESTRING_ISBN_13_PREFIX_LENGTH","eZISBN13::PREFIX_LENGTH",
"kernel/classes/datatypes/ezisbn/ezisbn13.php","EZ_DATATYPESTRING_ISBN_13_CHECK_LENGTH","eZISBN13::CHECK_LENGTH",
"kernel/classes/datatypes/ezisbn/ezisbn13.php","EZ_DATATYPESTRING_ISBN_13_LENGTH","eZISBN13::LENGTH",
"kernel/classes/datatypes/ezisbn/ezisbn13.php","EZ_DATATYPESTRING_ISBN_13_978","eZISBN13::PREFIX_978",
"kernel/classes/datatypes/ezisbn/ezisbn13.php","EZ_DATATYPESTRING_ISBN_13_979","eZISBN13::PREFIX_979",
"kernel/classes/datatypes/ezisbn/ezisbntype.php","EZ_DATATYPESTRING_ISBN","eZISBNType::DATA_TYPE_STRING",
"kernel/classes/datatypes/ezisbn/ezisbntype.php","EZ_DATATYPESTRING_ISBN_CLASS_IS_ISBN13","eZISBNType::CLASS_IS_ISBN13",
"kernel/classes/datatypes/ezisbn/ezisbntype.php","EZ_DATATYPESTRING_ISBN_CONTENT_VALUE","eZISBNType::CONTENT_VALUE",
"kernel/classes/datatypes/ezisbn/ezisbntype.php","EZ_DATATYPESTRING_ISBN_13_DBA_DATA",,"removed"
"kernel/classes/datatypes/ezkeyword/ezkeywordtype.php","EZ_DATATYPESTRING_KEYWORD","eZKeywordType::DATA_TYPE_STRING",
"kernel/classes/datatypes/ezmatrix/ezmatrixtype.php","EZ_MATRIX_DEFAULT_NAME_VARIABLE","eZMatrixType::DEFAULT_NAME_VARIABLE",
"kernel/classes/datatypes/ezmatrix/ezmatrixtype.php","EZ_MATRIX_NUMCOLUMNS_VARIABLE","eZMatrixType::NUM_COLUMNS_VARIABLE",
"kernel/classes/datatypes/ezmatrix/ezmatrixtype.php","EZ_MATRIX_NUMROWS_VARIABLE","eZMatrixType::NUM_ROWS_VARIABLE",
"kernel/classes/datatypes/ezmatrix/ezmatrixtype.php","EZ_MATRIX_CELL_VARIABLE","eZMatrixType::CELL_VARIABLE",
"kernel/classes/datatypes/ezmatrix/ezmatrixtype.php","EZ_DATATYPESTRING_MATRIX","eZMatrixType::DATA_TYPE_STRING",
"kernel/classes/datatypes/ezmedia/ezmediatype.php","EZ_DATATYPESTRING_MEDIA","eZMediaType::DATA_TYPE_STRING",
"kernel/classes/datatypes/ezmedia/ezmediatype.php","EZ_DATATYPESTRING_MAX_MEDIA_FILESIZE_FIELD","eZMediaType::MAX_FILESIZE_FIELD",
"kernel/classes/datatypes/ezmedia/ezmediatype.php","EZ_DATATYPESTRING_MAX_MEDIA_FILESIZE_VARIABLE","eZMediaType::MAX_FILESIZE_VARIABLE",
"kernel/classes/datatypes/ezmedia/ezmediatype.php","EZ_DATATYPESTRING_TYPE_FIELD","eZMediaType::TYPE_FIELD",
"kernel/classes/datatypes/ezmedia/ezmediatype.php","EZ_DATATYPESTRING_TYPE_VARIABLE","eZMediaType::TYPE_VARIABLE",
"kernel/classes/datatypes/ezmultioption/ezmultioptiontype.php","EZ_MULTIOPTION_DEFAULT_NAME_VARIABLE","eZMultiOptionType::DEFAULT_NAME_VARIABLE",
"kernel/classes/datatypes/ezmultioption/ezmultioptiontype.php","EZ_DATATYPESTRING_MULTIOPTION","eZMultiOptionType::DATA_TYPE_STRING",
"kernel/classes/datatypes/ezmultioption2/ezmultioption2type.php","EZ_MULTIOPTION2_DEFAULT_NAME_VARIABLE","eZMultiOption2Type::DEFAULT_NAME_VARIABLE",
"kernel/classes/datatypes/ezmultioption2/ezmultioption2type.php","EZ_MULTIOPTION2_MAX_CHILD_LEVEL","eZMultiOption2Type::MAX_CHILD_LEVEL",
"kernel/classes/datatypes/ezmultioption2/ezmultioption2type.php","EZ_DATATYPESTRING_MULTIOPTION2","eZMultiOption2Type::DATA_TYPE_STRING",
"kernel/classes/datatypes/ezmultiprice/ezmultiprice.php","EZ_MULTIPRICE_CALCULATION_TYPE_VAT_INCLUDE","eZMultiPrice::CALCULATION_TYPE_VAT_INCLUDE",
"kernel/classes/datatypes/ezmultiprice/ezmultiprice.php","EZ_MULTIPRICE_CALCULATION_TYPE_VAT_EXCLUDE","eZMultiPrice::CALCULATION_TYPE_VAT_EXCLUDE",
"kernel/classes/datatypes/ezmultiprice/ezmultiprice.php","EZ_MULTIPRICE_CALCULATION_TYPE_DISCOUNT_INCLUDE","eZMultiPrice::CALCULATION_TYPE_DISCOUNT_INCLUDE",
"kernel/classes/datatypes/ezmultiprice/ezmultiprice.php","EZ_MULTIPRICE_CALCULATION_TYPE_DISCOUNT_EXCLUDE","eZMultiPrice::CALCULATION_TYPE_DISCOUNT_EXCLUDE",
"kernel/classes/datatypes/ezmultiprice/ezmultipricetype.php","EZ_DATATYPESTRING_MULTIPRICE","eZMultiPriceType::DATA_TYPE_STRING",
"kernel/classes/datatypes/ezmultiprice/ezmultipricetype.php","EZ_DATATYPESTRING_DEFAULT_CURRENCY_CODE_FIELD","eZMultiPriceType::DEFAULT_CURRENCY_CODE_FIELD",
"kernel/classes/datatypes/ezmultiprice/ezmultipricetype.php","EZ_DATATYPESTRING_CURRENCY_CODE_VARIABLE","eZMultiPriceType::DEFAULT_CURRENCY_CODE_VARIABLE",
"kernel/classes/datatypes/ezmultiprice/ezmultipricetype.php","EZ_DATATYPESTRING_MULTIPRICE_INCLUDE_VAT_FIELD","eZMultiPriceType::INCLUDE_VAT_FIELD",
"kernel/classes/datatypes/ezmultiprice/ezmultipricetype.php","EZ_DATATYPESTRING_MULTIPRICE_INCLUDE_VAT_VARIABLE","eZMultiPriceType::INCLUDE_VAT_VARIABLE",
"kernel/classes/datatypes/ezmultiprice/ezmultipricetype.php","EZ_DATATYPESTRING_MULTIPRICE_VAT_ID_FIELD","eZMultiPriceType::VAT_ID_FIELD",
"kernel/classes/datatypes/ezmultiprice/ezmultipricetype.php","EZ_DATATYPESTRING_MULTIPRICE_VAT_ID_VARIABLE","eZMultiPriceType::VAT_ID_VARIABLE",
"kernel/classes/datatypes/ezmultiprice/ezmultipricetype.php","EZ_MULTIPRICE_INCLUDED_VAT","eZMultiPriceType::INCLUDED_VAT",
"kernel/classes/datatypes/ezmultiprice/ezmultipricetype.php","EZ_MULTIPRICE_EXCLUDED_VAT","eZMultiPriceType::EXCLUDED_VAT",
"kernel/classes/datatypes/ezobjectrelation/ezobjectrelationtype.php","EZ_DATATYPESTRING_OBJECT_RELATION","eZObjectRelationType::DATA_TYPE_STRING",
"kernel/classes/datatypes/ezobjectrelationlist/ezobjectrelationlisttype.php","EZ_DATATYPESTRING_OBJECT_RELATION_LIST","eZObjectRelationListType::DATA_TYPE_STRING",
"kernel/classes/datatypes/ezoption/ezoptiontype.php","EZ_OPTION_DEFAULT_NAME_VARIABLE","eZOptionType::DEFAULT_NAME_VARIABLE",
"kernel/classes/datatypes/ezoption/ezoptiontype.php","EZ_DATATYPESTRING_OPTION","eZOptionType::DATA_TYPE_STRING",
"kernel/classes/datatypes/ezpackage/ezpackagetype.php","EZ_DATATYPESTRING_EZ_PACKAGE","eZPackageType::DATA_TYPE_STRING",
"kernel/classes/datatypes/ezpackage/ezpackagetype.php","EZ_DATATYPESTRING_PACKAGE_TYPE_FIELD","eZPackageType::TYPE_FIELD",
"kernel/classes/datatypes/ezpackage/ezpackagetype.php","EZ_DATATYPESTRING_PACKAGE_TYPE_VARIABLE","eZPackageType::TYPE_VARIABLE",
"kernel/classes/datatypes/ezpackage/ezpackagetype.php","EZ_DATATYPESTRING_PACKAGE_VIEW_MODE_FIELD","eZPackageType::VIEW_MODE_FIELD",
"kernel/classes/datatypes/ezpackage/ezpackagetype.php","EZ_DATATYPESTRING_PACKAGE_VIEW_MODE_VARIABLE","eZPackageType::VIEW_MODE_VARIABLE",
"kernel/classes/datatypes/ezprice/ezpricetype.php","EZ_DATATYPESTRING_PRICE","eZPriceType::DATA_TYPE_STRING",
"kernel/classes/datatypes/ezprice/ezpricetype.php","EZ_DATATYPESTRING_INCLUDE_VAT_FIELD","eZPriceType::INCLUDE_VAT_FIELD",
"kernel/classes/datatypes/ezprice/ezpricetype.php","EZ_DATATYPESTRING_INCLUDE_VAT_VARIABLE","eZPriceType::INCLUDE_VAT_VARIABLE",
"kernel/classes/datatypes/ezprice/ezpricetype.php","EZ_DATATYPESTRING_VAT_ID_FIELD","eZPriceType::VAT_ID_FIELD",
"kernel/classes/datatypes/ezprice/ezpricetype.php","EZ_DATATYPESTRING_VAT_ID_VARIABLE","eZPriceType::VAT_ID_VARIABLE",
"kernel/classes/datatypes/ezprice/ezpricetype.php","EZ_PRICE_INCLUDED_VAT","eZPriceType::INCLUDED_VAT",
"kernel/classes/datatypes/ezprice/ezpricetype.php","EZ_PRICE_EXCLUDED_VAT","eZPriceType::EXCLUDED_VAT",
"kernel/classes/datatypes/ezproductcategory/ezproductcategorytype.php","EZ_DATATYPESTRING_PRODUCTCATEGORY","eZProductCategoryType::DATA_TYPE_STRING",
"kernel/classes/datatypes/ezrangeoption/ezrangeoptiontype.php","EZ_RANGEOPTION_DEFAULT_NAME_VARIABLE","eZRangeOptionType::DEFAULT_NAME_VARIABLE",
"kernel/classes/datatypes/ezrangeoption/ezrangeoptiontype.php","EZ_DATATYPESTRING_RANGEOPTION","eZRangeOptionType::DATA_TYPE_STRING",
"kernel/classes/datatypes/ezselection/ezselectiontype.php","EZ_DATATYPESTRING_EZ_SELECTION","eZSelectionType::DATA_TYPE_STRING",
"kernel/classes/datatypes/ezstring/ezstringtype.php","EZ_DATATYPESTRING_STRING","eZStringType::DATA_TYPE_STRING",
"kernel/classes/datatypes/ezstring/ezstringtype.php","EZ_DATATYPESTRING_MAX_LEN_FIELD","eZStringType::MAX_LEN_FIELD",
"kernel/classes/datatypes/ezstring/ezstringtype.php","EZ_DATATYPESTRING_MAX_LEN_VARIABLE","eZStringType::MAX_LEN_VARIABLE",
"kernel/classes/datatypes/ezstring/ezstringtype.php","EZ_DATATYPESTRING_DEFAULT_STRING_FIELD","eZStringType::DEFAULT_STRING_FIELD",
"kernel/classes/datatypes/ezstring/ezstringtype.php","EZ_DATATYPESTRING_DEFAULT_STRING_VARIABLE","eZStringType::DEFAULT_STRING_VARIABLE",
"kernel/classes/datatypes/ezsubtreesubscription/ezsubtreesubscriptiontype.php","EZ_DATATYPESTRING_SUBTREESUBSCRIPTION","eZSubtreeSubscriptionType::DATA_TYPE_STRING",
"kernel/classes/datatypes/eztext/eztexttype.php","EZ_DATATYPESTRING_TEXT","eZTextType::DATA_TYPE_STRING",
"kernel/classes/datatypes/eztext/eztexttype.php","EZ_DATATYPESTRING_TEXT_COLS_FIELD","eZTextType::COLS_FIELD",
"kernel/classes/datatypes/eztext/eztexttype.php","EZ_DATATYPESTRING_TEXT_COLS_VARIABLE","eZTextType::COLS_VARIABLE",
"kernel/classes/datatypes/eztime/eztimetype.php","EZ_DATATYPESTRING_TIME","eZTimeType::DATA_TYPE_STRING",
"kernel/classes/datatypes/eztime/eztimetype.php","EZ_DATATYPESTRING_TIME_DEFAULT","eZTimeType::DEFAULT_FIELD",
"kernel/classes/datatypes/eztime/eztimetype.php","EZ_DATATYPESTRING_TIME_DEFAULT_EMTPY","eZTimeType::DEFAULT_EMTPY",
"kernel/classes/datatypes/eztime/eztimetype.php","EZ_DATATYPESTRING_TIME_DEFAULT_CURRENT_DATE","eZTimeType::DEFAULT_CURRENT_DATE",
"kernel/classes/datatypes/ezurl/ezurltype.php","EZ_DATATYPEURL_URL","eZURLType::DATA_TYPE_STRING",
"kernel/classes/datatypes/ezuser/ezuser.php","EZ_USER_ANONYMOUS_ID","eZUser::anonymousId()",
"kernel/classes/datatypes/ezuser/ezuser.php","EZ_USER_PASSWORD_HASH_MD5_PASSWORD","eZUser::PASSWORD_HASH_MD5_PASSWORD",
"kernel/classes/datatypes/ezuser/ezuser.php","EZ_USER_PASSWORD_HASH_MD5_USER","eZUser::PASSWORD_HASH_MD5_USER",
"kernel/classes/datatypes/ezuser/ezuser.php","EZ_USER_PASSWORD_HASH_MD5_SITE","eZUser::PASSWORD_HASH_MD5_SITE",
"kernel/classes/datatypes/ezuser/ezuser.php","EZ_USER_PASSWORD_HASH_MYSQL","eZUser::PASSWORD_HASH_MYSQL",
"kernel/classes/datatypes/ezuser/ezuser.php","EZ_USER_PASSWORD_HASH_PLAINTEXT","eZUser::PASSWORD_HASH_PLAINTEXT",
"kernel/classes/datatypes/ezuser/ezuser.php","EZ_USER_PASSWORD_HASH_CRYPT","eZUser::PASSWORD_HASH_CRYPT",
"kernel/classes/datatypes/ezuser/ezuser.php","EZ_USER_AUTHENTICATE_LOGIN","eZUser::AUTHENTICATE_LOGIN",
"kernel/classes/datatypes/ezuser/ezuser.php","EZ_USER_AUTHENTICATE_EMAIL","eZUser::AUTHENTICATE_EMAIL",
"kernel/classes/datatypes/ezuser/ezuser.php","EZ_USER_AUTHENTICATE_ALL","eZUser::AUTHENTICATE_ALL",
"kernel/classes/datatypes/ezuser/ezuserloginhandler.php","EZ_LOGIN_HANDLER_AVAILABLE_ARRAY","eZUserLoginHandler::AVAILABLE_ARRAY",
"kernel/classes/datatypes/ezuser/ezuserloginhandler.php","EZ_LOGIN_HANDLER_STEP","eZUserLoginHandler::STEP",
"kernel/classes/datatypes/ezuser/ezuserloginhandler.php","EZ_LOGIN_HANDLER_USER_INFO","eZUserLoginHandler::USER_INFO",
"kernel/classes/datatypes/ezuser/ezuserloginhandler.php","EZ_LOGIN_HANDLER_LAST_CHECK_REDIRECT","eZUserLoginHandler::LAST_CHECK_REDIRECT",
"kernel/classes/datatypes/ezuser/ezuserloginhandler.php","EZ_LOGIN_HANDLER_FORCE_LOGIN","eZUserLoginHandler::FORCE_LOGIN",
"kernel/classes/datatypes/ezuser/ezuserloginhandler.php","EZ_LOGIN_HANDLER_LAST_HANDLER_NAME","eZUserLoginHandler::LAST_HANDLER_NAME",
"kernel/classes/datatypes/ezuser/ezuserloginhandler.php","EZ_LOGIN_HANDLER_STEP_PRE_CHECK_USER_INFO","eZUserLoginHandler::STEP_PRE_CHECK_USER_INFO",
"kernel/classes/datatypes/ezuser/ezuserloginhandler.php","EZ_LOGIN_HANDLER_STEP_PRE_COLLECT_USER_INFO","eZUserLoginHandler::STEP_PRE_COLLECT_USER_INFO",
"kernel/classes/datatypes/ezuser/ezuserloginhandler.php","EZ_LOGIN_HANDLER_STEP_POST_COLLECT_USER_INFO","eZUserLoginHandler::STEP_POST_COLLECT_USER_INFO",
"kernel/classes/datatypes/ezuser/ezuserloginhandler.php","EZ_LOGIN_HANDLER_STEP_CHECK_USER","eZUserLoginHandler::STEP_CHECK_USER",
"kernel/classes/datatypes/ezuser/ezuserloginhandler.php","EZ_LOGIN_HANDLER_STEP_LOGIN_USER","eZUserLoginHandler::STEP_LOGIN_USER",
"kernel/classes/datatypes/ezuser/ezusertype.php","EZ_DATATYPESTRING_USER","eZUserType::DATA_TYPE_STRING",
"kernel/classes/datatypes/ezxmltext/ezxmlinputparser.php","EZ_XMLINPUTPARSER_SHOW_NO_ERRORS","eZXMLInputParser::SHOW_NO_ERRORS",
"kernel/classes/datatypes/ezxmltext/ezxmlinputparser.php","EZ_XMLINPUTPARSER_SHOW_SCHEMA_ERRORS","eZXMLInputParser::SHOW_SCHEMA_ERRORS",
"kernel/classes/datatypes/ezxmltext/ezxmlinputparser.php","EZ_XMLINPUTPARSER_SHOW_ALL_ERRORS","eZXMLInputParser::SHOW_ALL_ERRORS",
"kernel/classes/datatypes/ezxmltext/ezxmlinputparser.php","EZ_XMLINPUTPARSER_ERROR_NONE","eZXMLInputParser::ERROR_NONE",
"kernel/classes/datatypes/ezxmltext/ezxmlinputparser.php","EZ_XMLINPUTPARSER_ERROR_SYNTAX","eZXMLInputParser::ERROR_SYNTAX",
"kernel/classes/datatypes/ezxmltext/ezxmlinputparser.php","EZ_XMLINPUTPARSER_ERROR_SCHEMA","eZXMLInputParser::ERROR_SCHEMA",
"kernel/classes/datatypes/ezxmltext/ezxmlinputparser.php","EZ_XMLINPUTPARSER_ERROR_DATA","eZXMLInputParser::ERROR_DATA",
"kernel/classes/datatypes/ezxmltext/ezxmlinputparser.php","EZ_XMLINPUTPARSER_ERROR_ALL","eZXMLInputParser::ERROR_ALL",
"kernel/classes/datatypes/ezxmltext/ezxmltexttype.php","EZ_DATATYPESTRING_XML_TEXT","eZXMLTextType::DATA_TYPE_STRING",
"kernel/classes/datatypes/ezxmltext/ezxmltexttype.php","EZ_DATATYPESTRING_XML_TEXT_COLS_FIELD","eZXMLTextType::COLS_FIELD",
"kernel/classes/datatypes/ezxmltext/ezxmltexttype.php","EZ_DATATYPESTRING_XML_TEXT_COLS_VARIABLE","eZXMLTextType::COLS_VARIABLE",
"kernel/classes/datatypes/ezxmltext/ezxmltexttype.php","EZ_XMLTEXT_VERSION_30_TIMESTAMP","eZXMLTextType::VERSION_30_TIMESTAMP",
"kernel/classes/datatypes/ezxmltext/ezxmltexttype.php","EZ_XMLTEXT_VERSION_TIMESTAMP","eZXMLTextType::VERSION_TIMESTAMP",
"kernel/classes/ezaudit.php","EZ_AUDIT_DEFAULT_LOGDIR","eZAudit::DEFAULT_LOG_DIR",
"kernel/classes/ezbasket.php","EZ_BASKET_ITEM_LIMIT","eZBasket::ITEM_LIMIT",
"kernel/classes/ezbinaryfilehandler.php","EZ_BINARY_FILE_HANDLE_UPLOAD","eZBinaryFileHandler::HANDLE_UPLOAD",
"kernel/classes/ezbinaryfilehandler.php","EZ_BINARY_FILE_HANDLE_DOWNLOAD","eZBinaryFileHandler::HANDLE_DOWNLOAD",
"kernel/classes/ezbinaryfilehandler.php","EZ_BINARY_FILE_HANDLE_ALL","eZBinaryFileHandler::HANDLE_ALL",
"kernel/classes/ezbinaryfilehandler.php","EZ_BINARY_FILE_TYPE_FILE","eZBinaryFileHandler::TYPE_FILE",
"kernel/classes/ezbinaryfilehandler.php","EZ_BINARY_FILE_TYPE_MEDIA","eZBinaryFileHandler::TYPE_MEDIA",
"kernel/classes/ezbinaryfilehandler.php","EZ_BINARY_FILE_RESULT_OK","eZBinaryFileHandler::RESULT_OK",
"kernel/classes/ezbinaryfilehandler.php","EZ_BINARY_FILE_RESULT_UNAVAILABLE","eZBinaryFileHandler::RESULT_UNAVAILABLE",
"kernel/classes/ezcodetemplate.php","EZ_CODE_TEMPLATE_STATUS_FAILED","eZCodeTemplate::STATUS_FAILED",
"kernel/classes/ezcodetemplate.php","EZ_CODE_TEMPLATE_STATUS_OK","eZCodeTemplate::STATUS_OK",
"kernel/classes/ezcodetemplate.php","EZ_CODE_TEMPLATE_STATUS_NO_CHANGE","eZCodeTemplate::STATUS_NO_CHANGE",
"kernel/classes/ezcollaborationitem.php","EZ_COLLABORATION_STATUS_ACTIVE","eZCollaborationItem::STATUS_ACTIVE",
"kernel/classes/ezcollaborationitem.php","EZ_COLLABORATION_STATUS_INACTIVE","eZCollaborationItem::STATUS_INACTIVE",
"kernel/classes/ezcollaborationitem.php","EZ_COLLABORATION_STATUS_ARCHIVE","eZCollaborationItem::STATUS_ARCHIVE",
"kernel/classes/ezcollaborationitemhandler.php","EZ_COLLABORATION_NOTIFICATION_COLLECTION_ONE_FOR_ALL","eZCollaborationItemHandler::NOTIFICATION_COLLECTION_ONE_FOR_ALL",
"kernel/classes/ezcollaborationitemhandler.php","EZ_COLLABORATION_NOTIFICATION_COLLECTION_PER_USER","eZCollaborationItemHandler::NOTIFICATION_COLLECTION_PER_USER",
"kernel/classes/ezcollaborationitemhandler.php","EZ_COLLABORATION_NOTIFICATION_COLLECTION_PER_PARTICIPATION_ROLE","eZCollaborationItemHandler::NOTIFICATION_COLLECTION_PER_PARTICIPATION_ROLE",
"kernel/classes/ezcollaborationitemparticipantlink.php","EZ_COLLABORATION_PARTICIPANT_TYPE_USER","eZCollaborationItemParticipantLink::TYPE_USER",
"kernel/classes/ezcollaborationitemparticipantlink.php","EZ_COLLABORATION_PARTICIPANT_TYPE_USERGROUP","eZCollaborationItemParticipantLink::TYPE_USERGROUP",
"kernel/classes/ezcollaborationitemparticipantlink.php","EZ_COLLABORATION_PARTICIPANT_TYPE_CUSTOM","eZCollaborationItemParticipantLink::TYPE_CUSTOM",
"kernel/classes/ezcollaborationitemparticipantlink.php","EZ_COLLABORATION_PARTICIPANT_ROLE_STANDARD","eZCollaborationItemParticipantLink::ROLE_STANDARD",
"kernel/classes/ezcollaborationitemparticipantlink.php","EZ_COLLABORATION_PARTICIPANT_ROLE_OBSERVER","eZCollaborationItemParticipantLink::ROLE_OBSERVER",
"kernel/classes/ezcollaborationitemparticipantlink.php","EZ_COLLABORATION_PARTICIPANT_ROLE_OWNER","eZCollaborationItemParticipantLink::ROLE_OWNER",
"kernel/classes/ezcollaborationitemparticipantlink.php","EZ_COLLABORATION_PARTICIPANT_ROLE_APPROVER","eZCollaborationItemParticipantLink::ROLE_APPROVER",
"kernel/classes/ezcollaborationitemparticipantlink.php","EZ_COLLABORATION_PARTICIPANT_ROLE_AUTHOR","eZCollaborationItemParticipantLink::ROLE_AUTHOR",
"kernel/classes/ezcollaborationitemparticipantlink.php","EZ_COLLABORATION_PARTICIPANT_ROLE_CUSTOM","eZCollaborationItemParticipantLink::ROLE_CUSTOM",
"kernel/classes/ezcollaborationviewhandler.php","EZ_COLLABORATION_VIEW_TYPE_STANDARD","eZCollaborationViewHandler::TYPE_STANDARD",
"kernel/classes/ezcollaborationviewhandler.php","EZ_COLLABORATION_VIEW_TYPE_GROUP","eZCollaborationViewHandler::TYPE_GROUP",
"kernel/classes/ezcontentcache.php","EZ_CONTENT_CACHE_CODE_DATE","eZContentCache::CODE_DATE",
"kernel/classes/ezcontentcachemanager.php","EZ_VCSC_CLEAR_NO_CACHE","eZContentCacheManager::CLEAR_NO_CACHE",
"kernel/classes/ezcontentcachemanager.php","EZ_VCSC_CLEAR_NODE_CACHE","eZContentCacheManager::CLEAR_NODE_CACHE",
"kernel/classes/ezcontentcachemanager.php","EZ_VCSC_CLEAR_PARENT_CACHE","eZContentCacheManager::CLEAR_PARENT_CACHE",
"kernel/classes/ezcontentcachemanager.php","EZ_VCSC_CLEAR_RELATING_CACHE","eZContentCacheManager::CLEAR_RELATING_CACHE",
"kernel/classes/ezcontentcachemanager.php","EZ_VCSC_CLEAR_KEYWORD_CACHE","eZContentCacheManager::CLEAR_KEYWORD_CACHE",
"kernel/classes/ezcontentcachemanager.php","EZ_VCSC_CLEAR_SIBLINGS_CACHE","eZContentCacheManager::CLEAR_SIBLINGS_CACHE",
"kernel/classes/ezcontentcachemanager.php","EZ_VCSC_CLEAR_ALL_CACHE","eZContentCacheManager::CLEAR_ALL_CACHE",
"kernel/classes/ezcontentcachemanager.php","EZ_VCSC_CLEAR_DEFAULT","eZContentCacheManager::CLEAR_DEFAULT",
"kernel/classes/ezcontentclass.php","EZ_CLASS_VERSION_STATUS_DEFINED","eZContentClass::VERSION_STATUS_DEFINED",
"kernel/classes/ezcontentclass.php","EZ_CLASS_VERSION_STATUS_TEMPORARY","eZContentClass::VERSION_STATUS_TEMPORARY",
"kernel/classes/ezcontentclass.php","EZ_CLASS_VERSION_STATUS_MODIFED","eZContentClass::VERSION_STATUS_MODIFIED",
"kernel/classes/ezcontentlanguage.php","CONTENT_LANGUAGES_MAX_COUNT","eZContentLanguage::MAX_COUNT",
"kernel/classes/ezcontentobject.php","EZ_CONTENT_OBJECT_STATUS_DRAFT","eZContentObject::STATUS_DRAFT",
"kernel/classes/ezcontentobject.php","EZ_CONTENT_OBJECT_STATUS_PUBLISHED","eZContentObject::STATUS_PUBLISHED",
"kernel/classes/ezcontentobject.php","EZ_CONTENT_OBJECT_STATUS_ARCHIVED","eZContentObject::STATUS_ARCHIVED",
"kernel/classes/ezcontentobject.php","EZ_PACKAGE_CONTENTOBJECT_ERROR_NO_CLASS","eZContentObject::PACKAGE_ERROR_NO_CLASS",
"kernel/classes/ezcontentobject.php","EZ_PACKAGE_CONTENTOBJECT_ERROR_EXISTS","eZContentObject::PACKAGE_ERROR_EXISTS",
"kernel/classes/ezcontentobject.php","EZ_PACKAGE_CONTENTOBJECT_ERROR_NODE_EXISTS","eZContentObject::PACKAGE_ERROR_NODE_EXISTS",
"kernel/classes/ezcontentobject.php","EZ_PACKAGE_CONTENTOBJECT_ERROR_MODIFIED","eZContentObject::PACKAGE_ERROR_MODIFIED",
"kernel/classes/ezcontentobject.php","EZ_PACKAGE_CONTENTOBJECT_ERROR_HAS_CHILDREN","eZContentObject::PACKAGE_ERROR_HAS_CHILDREN",
"kernel/classes/ezcontentobject.php","EZ_PACKAGE_CONTENTOBJECT_REPLACE","eZContentObject::PACKAGE_REPLACE",
"kernel/classes/ezcontentobject.php","EZ_PACKAGE_CONTENTOBJECT_SKIP","eZContentObject::PACKAGE_SKIP",
"kernel/classes/ezcontentobject.php","EZ_PACKAGE_CONTENTOBJECT_NEW","eZContentObject::PACKAGE_NEW",
"kernel/classes/ezcontentobject.php","EZ_PACKAGE_CONTENTOBJECT_DELETE","eZContentObject::PACKAGE_DELETE",
"kernel/classes/ezcontentobject.php","EZ_PACKAGE_CONTENTOBJECT_KEEP","eZContentObject::PACKAGE_KEEP",
"kernel/classes/ezcontentobject.php","EZ_CONTENT_OBJECT_RELATION_COMMON","eZContentObject::RELATION_COMMON",
"kernel/classes/ezcontentobject.php","EZ_CONTENT_OBJECT_RELATION_EMBED","eZContentObject::RELATION_EMBED",
"kernel/classes/ezcontentobject.php","EZ_CONTENT_OBJECT_RELATION_LINK","eZContentObject::RELATION_LINK",
"kernel/classes/ezcontentobject.php","EZ_CONTENT_OBJECT_RELATION_ATTRIBUTE","eZContentObject::RELATION_ATTRIBUTE",
"kernel/classes/ezcontentobjectversion.php","EZ_VERSION_STATUS_DRAFT","eZContentObjectVersion::STATUS_DRAFT",
"kernel/classes/ezcontentobjectversion.php","EZ_VERSION_STATUS_PUBLISHED","eZContentObjectVersion::STATUS_PUBLISHED",
"kernel/classes/ezcontentobjectversion.php","EZ_VERSION_STATUS_PENDING","eZContentObjectVersion::STATUS_PENDING",
"kernel/classes/ezcontentobjectversion.php","EZ_VERSION_STATUS_ARCHIVED","eZContentObjectVersion::STATUS_ARCHIVED",
"kernel/classes/ezcontentobjectversion.php","EZ_VERSION_STATUS_REJECTED","eZContentObjectVersion::STATUS_REJECTED",
"kernel/classes/ezcontentobjectversion.php","EZ_VERSION_STATUS_INTERNAL_DRAFT","eZContentObjectVersion::STATUS_INTERNAL_DRAFT",
"kernel/classes/ezcontentupload.php","EZ_CONTENTUPLOAD_STATUS_PERMISSION_DENIED","eZContentUpload::STATUS_PERMISSION_DENIED",
"kernel/classes/ezdbgarbagecollector.php","EZ_DB_GC_ITEM_LIMIT","eZDBGarbageCollector::ITEM_LIMIT",
"kernel/classes/eznodeassignment.php","EZ_NODE_ASSIGNMENT_OP_CODE_NOP","eZNodeAssignment::OP_CODE_NOP",
"kernel/classes/eznodeassignment.php","EZ_NODE_ASSIGNMENT_OP_CODE_EXECUTE","eZNodeAssignment::OP_CODE_EXECUTE",
"kernel/classes/eznodeassignment.php","EZ_NODE_ASSIGNMENT_OP_CODE_CREATE_NOP","eZNodeAssignment::OP_CODE_CREATE_NOP",
"kernel/classes/eznodeassignment.php","EZ_NODE_ASSIGNMENT_OP_CODE_CREATE","eZNodeAssignment::OP_CODE_CREATE",
"kernel/classes/eznodeassignment.php","EZ_NODE_ASSIGNMENT_OP_CODE_MOVE_NOP","eZNodeAssignment::OP_CODE_MOVE_NOP",
"kernel/classes/eznodeassignment.php","EZ_NODE_ASSIGNMENT_OP_CODE_MOVE","eZNodeAssignment::OP_CODE_MOVE",
"kernel/classes/eznodeassignment.php","EZ_NODE_ASSIGNMENT_OP_CODE_REMOVE_NOP","eZNodeAssignment::OP_CODE_REMOVE_NOP",
"kernel/classes/eznodeassignment.php","EZ_NODE_ASSIGNMENT_OP_CODE_REMOVE","eZNodeAssignment::OP_CODE_REMOVE",
"kernel/classes/eznodeassignment.php","EZ_NODE_ASSIGNMENT_OP_CODE_SET_NOP","eZNodeAssignment::OP_CODE_SET_NOP",
"kernel/classes/eznodeassignment.php","EZ_NODE_ASSIGNMENT_OP_CODE_SET","eZNodeAssignment::OP_CODE_SET",
"kernel/classes/eznodeviewfunctions.php","eZNodeViewFunctions_FileGenerateTimeout",,"removed"
"kernel/classes/ezorder.php","SHOW_NORMAL_ORDERS","eZOrder::SHOW_NORMAL",
"kernel/classes/ezorder.php","SHOW_ARCHIVED_ORDERS","eZOrder::SHOW_ARCHIVED",
"kernel/classes/ezorder.php","SHOW_ALL_ORDERS","eZOrder::SHOW_ALL",
"kernel/classes/ezorderstatus.php","EZ_ORDER_STATUS_UNDEFINED","eZOrderStatus::UNDEFINED",
"kernel/classes/ezorderstatus.php","EZ_ORDER_STATUS_PENDING","eZOrderStatus::PENDING",
"kernel/classes/ezorderstatus.php","EZ_ORDER_STATUS_PROCESSING","eZOrderStatus::PROCESSING",
"kernel/classes/ezorderstatus.php","EZ_ORDER_STATUS_DELIVERED","eZOrderStatus::DELIVERED",
"kernel/classes/ezorderstatus.php","EZ_ORDER_STATUS_CUSTOM","eZOrderStatus::CUSTOM",
"kernel/classes/ezpackage.php","EZ_PACKAGE_VERSION","eZPackage::VERSION",
"kernel/classes/ezpackage.php","EZ_PACKAGE_DEVELOPMENT","eZPackage::DEVELOPMENT",
"kernel/classes/ezpackage.php","EZ_PACKAGE_USE_CACHE","eZPackage::USE_CACHE",
"kernel/classes/ezpackage.php","EZ_PACKAGE_CACHE_CODEDATE","eZPackage::CACHE_CODE_DATE",
"kernel/classes/ezpackage.php","EZ_PACKAGE_STATUS_ALREADY_EXISTS","eZPackage::STATUS_ALREADY_EXISTS",
"kernel/classes/ezpackage.php","EZ_PACKAGE_NON_INTERACTIVE","eZPackage::NON_INTERACTIVE",
"kernel/classes/ezpdfexport.php","EZ_PDFEXPORT_VERSION_VALID","eZPDFExport::VERSION_VALID",
"kernel/classes/ezpdfexport.php","EZ_PDFEXPORT_VERSION_DRAFT","eZPDFExport::VERSION_DRAFT",
"kernel/classes/ezpdfexport.php","EZ_PDFEXPORT_CREATE_ONCE","eZPDFExport::CREATE_ONCE",
"kernel/classes/ezpdfexport.php","EZ_PDFEXPORT_CREATE_ONFLY","eZPDFExport::CREATE_ONFLY",
"kernel/classes/ezpreferences.php","EZ_PREFERENCES_SESSION_NAME","eZPreferences::SESSION_NAME",
"kernel/classes/ezrssexport.php","EZ_RSSEXPORT_STATUS_VALID","eZRSSExport::STATUS_VALID",
"kernel/classes/ezrssexport.php","EZ_RSSEXPORT_STATUS_DRAFT","eZRSSExport::STATUS_DRAFT",
"kernel/classes/ezrssimport.php","EZ_RSSIMPORT_STATUS_VALID","eZRSSImport::STATUS_VALID",
"kernel/classes/ezrssimport.php","EZ_RSSIMPORT_STATUS_DRAFT","eZRSSImport::STATUS_DRAFT",
"kernel/classes/ezserializedobjectnamelist.php","EZ_ALWAYS_AVAILABLE_STR","eZSerializedObjectNameList::ALWAYS_AVAILABLE_STR",
"kernel/classes/ezsiteinstaller.php","EZSITE_INSTALLER_ERR_OK","eZSiteInstaller::ERR_OK",
"kernel/classes/ezsiteinstaller.php","EZSITE_INSTALLER_ERR_ABORT","eZSiteInstaller::ERR_ABORT",
"kernel/classes/ezsiteinstaller.php","EZSITE_INSTALLER_ERR_CONTINUE","eZSiteInstaller::ERR_CONTINUE",
"kernel/classes/eztextinputparser.php","EZ_INPUT_CHUNK_TEXT","eZTextInputParser::CHUNK_TEXT",
"kernel/classes/eztextinputparser.php","EZ_INPUT_CHUNK_TAG","eZTextInputParser::CHUNK_TAG",
"kernel/classes/eztrigger.php","EZ_TRIGGER_STATUS_CRON_JOB","eZTrigger::STATUS_CRON_JOB",
"kernel/classes/eztrigger.php","EZ_TRIGGER_WORKFLOW_DONE","eZTrigger::WORKFLOW_DONE",
"kernel/classes/eztrigger.php","EZ_TRIGGER_WORKFLOW_CANCELED","eZTrigger::WORKFLOW_CANCELLED",
"kernel/classes/eztrigger.php","EZ_TRIGGER_NO_CONNECTED_WORKFLOWS","eZTrigger::NO_CONNECTED_WORKFLOWS",
"kernel/classes/eztrigger.php","EZ_TRIGGER_FETCH_TEMPLATE","eZTrigger::FETCH_TEMPLATE",
"kernel/classes/eztrigger.php","EZ_TRIGGER_REDIRECT","eZTrigger::REDIRECT",
"kernel/classes/eztrigger.php","EZ_TRIGGER_WORKFLOW_RESET","eZTrigger::WORKFLOW_RESET",
"kernel/classes/ezurlalias.php","EZURLALIAS_CACHE_FUNCTION",,"class is removed, in favor of eZURLAliasML"
"kernel/classes/ezurlalias.php","EZ_URLALIAS_WILDCARD_TYPE_NONE",,"class is removed, in favor of eZURLAliasML"
"kernel/classes/ezurlalias.php","EZ_URLALIAS_WILDCARD_TYPE_FORWARD",,"class is removed, in favor of eZURLAliasML"
"kernel/classes/ezurlalias.php","EZ_URLALIAS_WILDCARD_TYPE_DIRECT",,"class is removed, in favor of eZURLAliasML"
"kernel/classes/ezurlaliasml.php","EZ_URLALIAS_LINK_ID_NOT_FOUND","eZURLAliasML::LINK_ID_NOT_FOUND",
"kernel/classes/ezurlaliasml.php","EZ_URLALIAS_LINK_ID_WRONG_ACTION","eZURLAliasML::LINK_ID_WRONG_ACTION",
"kernel/classes/ezurlaliasml.php","EZ_URLALIAS_LINK_ALREADY_TAKEN","eZURLAliasML::LINK_ID_WRONG_ACTION",
"kernel/classes/ezworkflow.php","EZ_WORKFLOW_STATUS_NONE","eZWorkflow::STATUS_NONE",
"kernel/classes/ezworkflow.php","EZ_WORKFLOW_STATUS_BUSY","eZWorkflow::STATUS_BUSY",
"kernel/classes/ezworkflow.php","EZ_WORKFLOW_STATUS_DONE","eZWorkflow::STATUS_DONE",
"kernel/classes/ezworkflow.php","EZ_WORKFLOW_STATUS_FAILED","eZWorkflow::STATUS_FAILED",
"kernel/classes/ezworkflow.php","EZ_WORKFLOW_STATUS_DEFERRED_TO_CRON","eZWorkflow::STATUS_DEFERRED_TO_CRON",
"kernel/classes/ezworkflow.php","EZ_WORKFLOW_STATUS_CANCELLED","eZWorkflow::STATUS_CANCELLED",
"kernel/classes/ezworkflow.php","EZ_WORKFLOW_STATUS_FETCH_TEMPLATE","eZWorkflow::STATUS_FETCH_TEMPLATE",
"kernel/classes/ezworkflow.php","EZ_WORKFLOW_STATUS_REDIRECT","eZWorkflow::STATUS_REDIRECT",
"kernel/classes/ezworkflow.php","EZ_WORKFLOW_STATUS_RESET","eZWorkflow::STATUS_RESET",
"kernel/classes/ezworkflow.php","EZ_WORKFLOW_STATUS_WAITING_PARENT","eZWorkflow::STATUS_WAITING_PARENT",
"kernel/classes/ezworkflowtype.php","EZ_WORKFLOW_TYPE_STATUS_NONE","eZWorkflowType::STATUS_NONE",
"kernel/classes/ezworkflowtype.php","EZ_WORKFLOW_TYPE_STATUS_ACCEPTED","eZWorkflowType::STATUS_ACCEPTED",
"kernel/classes/ezworkflowtype.php","EZ_WORKFLOW_TYPE_STATUS_REJECTED","eZWorkflowType::STATUS_REJECTED",
"kernel/classes/ezworkflowtype.php","EZ_WORKFLOW_TYPE_STATUS_DEFERRED_TO_CRON","eZWorkflowType::STATUS_DEFERRED_TO_CRON",
"kernel/classes/ezworkflowtype.php","EZ_WORKFLOW_TYPE_STATUS_DEFERRED_TO_CRON_REPEAT","eZWorkflowType::STATUS_DEFERRED_TO_CRON_REPEAT",
"kernel/classes/ezworkflowtype.php","EZ_WORKFLOW_TYPE_STATUS_RUN_SUB_EVENT","eZWorkflowType::STATUS_RUN_SUB_EVENT",
"kernel/classes/ezworkflowtype.php","EZ_WORKFLOW_TYPE_STATUS_WORKFLOW_CANCELLED","eZWorkflowType::STATUS_WORKFLOW_CANCELLED",
"kernel/classes/ezworkflowtype.php","EZ_WORKFLOW_TYPE_STATUS_FETCH_TEMPLATE","eZWorkflowType::STATUS_FETCH_TEMPLATE",
"kernel/classes/ezworkflowtype.php","EZ_WORKFLOW_TYPE_STATUS_FETCH_TEMPLATE_REPEAT","eZWorkflowType::STATUS_FETCH_TEMPLATE_REPEAT",
"kernel/classes/ezworkflowtype.php","EZ_WORKFLOW_TYPE_STATUS_REDIRECT","eZWorkflowType::STATUS_REDIRECT",
"kernel/classes/ezworkflowtype.php","EZ_WORKFLOW_TYPE_STATUS_WORKFLOW_DONE","eZWorkflowType::STATUS_WORKFLOW_DONE",
"kernel/classes/ezworkflowtype.php","EZ_WORKFLOW_TYPE_STATUS_REDIRECT_REPEAT","eZWorkflowType::STATUS_REDIRECT_REPEAT",
"kernel/classes/ezworkflowtype.php","EZ_WORKFLOW_TYPE_STATUS_WORKFLOW_RESET","eZWorkflowType::STATUS_RESET",
"kernel/classes/notification/event/ezcollaboration/ezcollaborationtype.php","EZ_NOTIFICATIONTYPESTRING_COLLABORATION","eZCollaborationEventType::NOTIFICATION_TYPE_STRING",
"kernel/classes/notification/event/ezcurrenttime/ezcurrenttimetype.php","EZ_NOTIFICATIONTYPESTRING_CURRENTTIME","eZCurrentTimeType::NOTIFICATION_TYPE_STRING",
"kernel/classes/notification/event/ezpublish/ezpublishtype.php","EZ_NOTIFICATIONTYPESTRING_PUBLISH","eZPublishType::NOTIFICATION_TYPE_STRING",
"kernel/classes/notification/eznotificationevent.php","EZ_NOTIFICATIONEVENT_STATUS_CREATED","eZNotificationEvent::STATUS_CREATED",
"kernel/classes/notification/eznotificationevent.php","EZ_NOTIFICATIONEVENT_STATUS_HANDLED","eZNotificationEvent::STATUS_HANDLED",
"kernel/classes/notification/eznotificationeventhandler.php","EZ_NOTIFICATIONEVENTHANDLER_EVENT_HANDLED","eZNotificationEventHandler::EVENT_HANDLED",
"kernel/classes/notification/eznotificationeventhandler.php","EZ_NOTIFICATIONEVENTHANDLER_EVENT_SKIPPED","eZNotificationEventHandler::EVENT_SKIPPED",
"kernel/classes/notification/eznotificationeventhandler.php","EZ_NOTIFICATIONEVENTHANDLER_EVENT_UNKNOWN","eZNotificationEventHandler::EVENT_UNKNOWN",
"kernel/classes/notification/eznotificationeventhandler.php","EZ_NOTIFICATIONEVENTHANDLER_EVENT_ERROR","eZNotificationEventHandler::EVENT_ERROR",
"kernel/classes/notification/handler/ezcollaborationnotification/ezcollaborationnotificationhandler.php","EZ_COLLABORATION_NOTIFICATION_HANDLER_ID","eZCollaborationNotificationHandler::NOTIFICATION_HANDLER_ID",
"kernel/classes/notification/handler/ezcollaborationnotification/ezcollaborationnotificationhandler.php","EZ_COLLABORATION_NOTIFICATION_HANDLER_TRANSPORT","eZCollaborationNotificationHandler::TRANSPORT",
"kernel/classes/notification/handler/ezgeneraldigest/ezgeneraldigesthandler.php","EZ_GENERALDIGEST_NOTIFICATION_HANDLER_ID","eZGeneralDigestHandler::NOTIFICATION_HANDLER_ID",
"kernel/classes/notification/handler/ezgeneraldigest/ezgeneraldigestusersettings.php","EZ_DIGEST_SETTINGS_TYPE_NONE","eZGeneralDigestUserSettings::TYPE_NONE",
"kernel/classes/notification/handler/ezgeneraldigest/ezgeneraldigestusersettings.php","EZ_DIGEST_SETTINGS_TYPE_WEEKLY","eZGeneralDigestUserSettings::TYPE_WEEKLY",
"kernel/classes/notification/handler/ezgeneraldigest/ezgeneraldigestusersettings.php","EZ_DIGEST_SETTINGS_TYPE_MONTHLY","eZGeneralDigestUserSettings::TYPE_MONTHLY",
"kernel/classes/notification/handler/ezgeneraldigest/ezgeneraldigestusersettings.php","EZ_DIGEST_SETTINGS_TYPE_DAILY","eZGeneralDigestUserSettings::TYPE_DAILY",
"kernel/classes/notification/handler/ezsubtree/ezsubtreehandler.php","EZ_SUBTREE_NOTIFICATION_HANDLER_ID","eZSubTreeHandler::NOTIFICATION_HANDLER_ID",
"kernel/classes/notification/handler/ezsubtree/ezsubtreehandler.php","EZ_SUBTREE_NOTIFICATION_HANDLER_TRANSPORT","eZSubTreeHandler::TRANSPORT",
"kernel/classes/packagehandlers/ezcontentclass/ezcontentclasspackagehandler.php","EZ_PACKAGE_CONTENTCLASS_ERROR_EXISTS","eZContentClassPackageHandler::ERROR_EXISTS",
"kernel/classes/packagehandlers/ezcontentclass/ezcontentclasspackagehandler.php","EZ_PACKAGE_CONTENTCLASS_ERROR_HAS_OBJECTS","eZContentClassPackageHandler::ERROR_HAS_OBJECTS",
"kernel/classes/packagehandlers/ezcontentclass/ezcontentclasspackagehandler.php","EZ_PACKAGE_CONTENTCLASS_REPLACE","eZContentClassPackageHandler::ACTION_REPLACE",
"kernel/classes/packagehandlers/ezcontentclass/ezcontentclasspackagehandler.php","EZ_PACKAGE_CONTENTCLASS_SKIP","eZContentClassPackageHandler::ACTION_SKIP",
"kernel/classes/packagehandlers/ezcontentclass/ezcontentclasspackagehandler.php","EZ_PACKAGE_CONTENTCLASS_NEW","eZContentClassPackageHandler::ACTION_NEW",
"kernel/classes/packagehandlers/ezcontentclass/ezcontentclasspackagehandler.php","EZ_PACKAGE_CONTENTCLASS_DELETE","eZContentClassPackageHandler::ACTION_DELETE",
"kernel/classes/packagehandlers/ezcontentobject/ezcontentobjectpackagehandler.php","EZ_PACKAGE_CONTENTOBJECT__MAX_LISTED_OBJECTS_NUMBER","eZContentObjectPackageHandler::MAX_LISTED_OBJECTS",
"kernel/classes/packagehandlers/ezcontentobject/ezcontentobjectpackagehandler.php","EZ_PACKAGE_CONTENTOBJECT__STORE_OBJECTS_TO_SEPARATE_FILES_THRESHOLD","eZContentObjectPackageHandler::STORE_OBJECTS_TO_SEPARATE_FILES_THRESHOLD",
"kernel/classes/packagehandlers/ezcontentobject/ezcontentobjectpackagehandler.php","EZ_PACKAGE_CONTENTOBJECT__INSTALL_OBJECTS_ERROR_RANGE_FROM","eZContentObjectPackageHandler::INSTALL_OBJECTS_ERROR_RANGE_FROM",
"kernel/classes/packagehandlers/ezcontentobject/ezcontentobjectpackagehandler.php","EZ_PACKAGE_CONTENTOBJECT__INSTALL_OBJECTS_ERROR_RANGE_TO","eZContentObjectPackageHandler::INSTALL_OBJECTS_ERROR_RANGE_TO",
"kernel/classes/packagehandlers/ezcontentobject/ezcontentobjectpackagehandler.php","EZ_PACKAGE_CONTENTOBJECT__UNINSTALL_OBJECTS_ERROR_RANGE_FROM","eZContentObjectPackageHandler::UNINSTALL_OBJECTS_ERROR_RANGE_FROM",
"kernel/classes/packagehandlers/ezcontentobject/ezcontentobjectpackagehandler.php","EZ_PACKAGE_CONTENTOBJECT__UNINSTALL_OBJECTS_ERROR_RANGE_TO","eZContentObjectPackageHandler::UNINSTALL_OBJECTS_ERROR_RANGE_TO",
"kernel/classes/packagehandlers/ezextension/ezextensionpackagehandler.php","EZ_PACKAGE_EXTENSION_ERROR_EXISTS","eZExtensionPackageHandler::ERROR_EXISTS",
"kernel/classes/packagehandlers/ezextension/ezextensionpackagehandler.php","EZ_PACKAGE_EXTENSION_REPLACE","eZExtensionPackageHandler::ACTION_REPLACE",
"kernel/classes/packagehandlers/ezextension/ezextensionpackagehandler.php","EZ_PACKAGE_EXTENSION_SKIP","eZExtensionPackageHandler::ACTION_SKIP",
"kernel/classes/webdav/ezwebdavcontentserver.php","VIRTUAL_CONTENT_FOLDER_NAME","eZWebDAVContentServer::virtualContentFolderName()",
"kernel/classes/webdav/ezwebdavcontentserver.php","VIRTUAL_MEDIA_FOLDER_NAME","eZWebDAVContentServer::virtualMediaFolderName()",
"kernel/classes/webdav/ezwebdavcontentserver.php","VIRTUAL_INFO_FILE_NAME","eZWebDAVContentServer::virtualInfoFileName()",
"kernel/classes/webdav/ezwebdavcontentserver.php","WEBDAV_INI_FILE","eZWebDAVContentServer::WEBDAV_INI_FILE",
"kernel/classes/webdav/ezwebdavcontentserver.php","WEBDAV_AUTH_REALM","eZWebDAVContentServer::WEBDAV_AUTH_REALM",
"kernel/classes/webdav/ezwebdavcontentserver.php","WEBDAV_AUTH_FAILED","eZWebDAVContentServer::WEBDAV_AUTH_FAILED",
"kernel/classes/webdav/ezwebdavcontentserver.php","WEBDAV_INVALID_SITE","eZWebDAVContentServer::WEBDAV_INVALID_SITE",
"kernel/classes/webdav/ezwebdavcontentserver.php","WEBDAV_DISABLED","eZWebDAVContentServer::WEBDAV_DISABLED",
"kernel/classes/workflowtypes/event/ezapprove/ezapprovetype.php","EZ_WORKFLOW_TYPE_APPROVE_ID","eZApproveType::WORKFLOW_TYPE_STRING",
"kernel/classes/workflowtypes/event/ezapprove/ezapprovetype.php","EZ_APPROVE_COLLABORATION_NOT_CREATED","eZApproveType::COLLABORATION_NOT_CREATED",
"kernel/classes/workflowtypes/event/ezapprove/ezapprovetype.php","EZ_APPROVE_COLLABORATION_CREATED","eZApproveType::COLLABORATION_CREATED",
"kernel/classes/workflowtypes/event/ezapprove/ezapprovetype.php","EZ_APPROVE_VERSION_OPTION_FIRST_ONLY","eZApproveType::VERSION_OPTION_FIRST_ONLY",
"kernel/classes/workflowtypes/event/ezapprove/ezapprovetype.php","EZ_APPROVE_VERSION_OPTION_EXCEPT_FIRST","eZApproveType::VERSION_OPTION_EXCEPT_FIRST",
"kernel/classes/workflowtypes/event/ezapprove/ezapprovetype.php","EZ_APPROVE_VERSION_OPTION_ALL","eZApproveType::VERSION_OPTION_ALL",
"kernel/classes/workflowtypes/event/ezmultiplexer/ezmultiplexertype.php","EZ_WORKFLOW_TYPE_MULTIPLEXER_ID","eZMultiplexerType::WORKFLOW_TYPE_STRING",
"kernel/classes/workflowtypes/event/ezmultiplexer/ezmultiplexertype.php","EZ_MULTIPLEXER_VERSION_OPTION_FIRST_ONLY","eZMultiplexerType::VERSION_OPTION_FIRST_ONLY",
"kernel/classes/workflowtypes/event/ezmultiplexer/ezmultiplexertype.php","EZ_MULTIPLEXER_VERSION_OPTION_EXCEPT_FIRST","eZMultiplexerType::VERSION_OPTION_EXCEPT_FIRST",
"kernel/classes/workflowtypes/event/ezmultiplexer/ezmultiplexertype.php","EZ_MULTIPLEXER_VERSION_OPTION_ALL","eZMultiplexerType::VERSION_OPTION_ALL",
"kernel/classes/workflowtypes/event/ezpaymentgateway/ezpaymentgatewaytype.php","EZ_WORKFLOW_TYPE_PAYMENTGATEWAY_ID","eZPaymentGatewayType::WORKFLOW_TYPE_STRING",
"kernel/classes/workflowtypes/event/ezpaymentgateway/ezpaymentgatewaytype.php","EZ_PAYMENT_GATEWAY_GATEWAY_NOT_SELECTED","eZPaymentGatewayType::GATEWAY_NOT_SELECTED",
"kernel/classes/workflowtypes/event/ezpaymentgateway/ezpaymentgatewaytype.php","EZ_PAYMENT_GATEWAY_GATEWAY_SELECTED","eZPaymentGatewayType::GATEWAY_SELECTED",
"kernel/classes/workflowtypes/event/ezsimpleshipping/ezsimpleshippingtype.php","EZ_WORKFLOW_TYPE_SIMPLESHIPPING_ID","eZSimpleShippingType::WORKFLOW_TYPE_STRING",
"kernel/classes/workflowtypes/event/ezwaituntildate/ezwaituntildatetype.php","EZ_WORKFLOW_TYPE_WAIT_UNTIL_DATE_ID","eZWaitUntilDateType::WORKFLOW_TYPE_STRING",
"kernel/common/ezurloperator.php","EZ_HTTP_OPERATOR_TYPE_POST","eZURLOperator::HTTP_OPERATOR_TYPE_POST",
"kernel/common/ezurloperator.php","EZ_HTTP_OPERATOR_TYPE_GET","eZURLOperator::HTTP_OPERATOR_TYPE_GET",
"kernel/common/ezurloperator.php","EZ_HTTP_OPERATOR_TYPE_SESSION","eZURLOperator::HTTP_OPERATOR_TYPE_SESSION",
"kernel/error/errors.php","EZ_ERROR_KERNEL_ACCESS_DENIED","eZError::KERNEL_ACCESS_DENIED",
"kernel/error/errors.php","EZ_ERROR_KERNEL_NOT_FOUND","eZError::KERNEL_NOT_FOUND",
"kernel/error/errors.php","EZ_ERROR_KERNEL_NOT_AVAILABLE","eZError::KERNEL_NOT_AVAILABLE",
"kernel/error/errors.php","EZ_ERROR_KERNEL_MOVED","eZError::KERNEL_MOVED",
"kernel/error/errors.php","EZ_ERROR_KERNEL_LANGUAGE_NOT_FOUND","eZError::KERNEL_LANGUAGE_NOT_FOUND",
"kernel/error/errors.php","EZ_ERROR_KERNEL_MODULE_NOT_FOUND","eZError::KERNEL_MODULE_NOT_FOUND",
"kernel/error/errors.php","EZ_ERROR_KERNEL_MODULE_VIEW_NOT_FOUND","eZError::KERNEL_MODULE_VIEW_NOT_FOUND",
"kernel/error/errors.php","EZ_ERROR_KERNEL_MODULE_DISABLED","eZError::KERNEL_MODULE_DISABLED",
"kernel/error/errors.php","EZ_ERROR_KERNEL_NO_DB_CONNECTION","eZError::KERNEL_NO_DB_CONNECTION",
"kernel/ezinfo/about.php","EZ_ABOUT_CONTRIBUTORS_DIR",,
"kernel/ezinfo/about.php","EZ_ABOUT_THIRDPARTY_SOFTWARE_FILE",,
"kernel/pdf/edit.php","EZ_PDFEXPORT_GENERATE_STRING",,"removed"
"kernel/setup/ezsetuptests.php","EZ_SETUP_TEST_SUCCESS",,
"kernel/setup/ezsetuptests.php","EZ_SETUP_TEST_FAILURE",,
"kernel/setup/PEAR.php","PEAR_ERROR_RETURN",,"class not used anywhere, removed"
"kernel/setup/PEAR.php","PEAR_ERROR_PRINT",,"class not used anywhere, removed"
"kernel/setup/PEAR.php","PEAR_ERROR_TRIGGER",,"class not used anywhere, removed"
"kernel/setup/PEAR.php","PEAR_ERROR_DIE",,"class not used anywhere, removed"
"kernel/setup/PEAR.php","PEAR_ERROR_CALLBACK",,"class not used anywhere, removed"
"kernel/setup/PEAR.php","OS_WINDOWS",,"class not used anywhere, removed"
"kernel/setup/PEAR.php","OS_UNIX",,"class not used anywhere, removed"
"kernel/setup/PEAR.php","PEAR_OS",,"class not used anywhere, removed"
"kernel/setup/steps/ezstep_installer.php","EZ_SETUP_DB_ERROR_EMPTY_PASSWORD","eZStepInstaller::DB_ERROR_EMPTY_PASSWORD",
"kernel/setup/steps/ezstep_installer.php","EZ_SETUP_DB_ERROR_NONMATCH_PASSWORD","eZStepInstaller::DB_ERROR_NONMATCH_PASSWORD",
"kernel/setup/steps/ezstep_installer.php","EZ_SETUP_DB_ERROR_CONNECTION_FAILED","eZStepInstaller::DB_ERROR_CONNECTION_FAILED",
"kernel/setup/steps/ezstep_installer.php","EZ_SETUP_DB_ERROR_NOT_EMPTY","eZStepInstaller::DB_ERROR_NOT_EMPTY",
"kernel/setup/steps/ezstep_installer.php","EZ_SETUP_DB_ERROR_NO_DATABASES","eZStepInstaller::DB_ERROR_NO_DATABASES",
"kernel/setup/steps/ezstep_installer.php","EZ_SETUP_DB_ERROR_NO_DIGEST_PROC","eZStepInstaller::DB_ERROR_NO_DIGEST_PROC",
"kernel/setup/steps/ezstep_installer.php","EZ_SETUP_DB_ERROR_VERSION_INVALID","eZStepInstaller::DB_ERROR_VERSION_INVALID",
"kernel/setup/steps/ezstep_installer.php","EZ_SETUP_DB_ERROR_CHARSET_DIFFERS","eZStepInstaller::DB_ERROR_CHARSET_DIFFERS",
"kernel/setup/steps/ezstep_installer.php","EZ_SETUP_DB_DATA_APPEND","eZStepInstaller::DB_DATA_APPEND",
"kernel/setup/steps/ezstep_installer.php","EZ_SETUP_DB_DATA_REMOVE","eZStepInstaller::DB_DATA_REMOVE",
"kernel/setup/steps/ezstep_installer.php","EZ_SETUP_DB_DATA_KEEP","eZStepInstaller::DB_DATA_KEEP",
"kernel/setup/steps/ezstep_installer.php","EZ_SETUP_DB_DATA_CHOOSE","eZStepInstaller::DB_DATA_CHOOSE",
"kernel/setup/steps/ezstep_site_admin.php","EZ_SETUP_SITE_ADMIN_PASSWORD_MISSMATCH","eZStepSiteAdmin::PASSWORD_MISSMATCH",
"kernel/setup/steps/ezstep_site_admin.php","EZ_SETUP_SITE_ADMIN_FIRST_NAME_MISSING","eZStepSiteAdmin::FIRST_NAME_MISSING",
"kernel/setup/steps/ezstep_site_admin.php","EZ_SETUP_SITE_ADMIN_LAST_NAME_MISSING","eZStepSiteAdmin::LAST_NAME_MISSING",
"kernel/setup/steps/ezstep_site_admin.php","EZ_SETUP_SITE_ADMIN_EMAIL_MISSING","eZStepSiteAdmin::EMAIL_MISSING",
"kernel/setup/steps/ezstep_site_admin.php","EZ_SETUP_SITE_ADMIN_EMAIL_INVALID","eZStepSiteAdmin::EMAIL_INVALID",
"kernel/setup/steps/ezstep_site_admin.php","EZ_SETUP_SITE_ADMIN_PASSWORD_MISSING","eZStepSiteAdmin::PASSWORD_MISSING",
"kernel/setup/steps/ezstep_site_admin.php","EZ_SETUP_SITE_ADMIN_PASSWORD_TOO_SHORT","eZStepSiteAdmin::PASSWORD_TOO_SHORT",
"kernel/setup/steps/ezstep_site_details.php","EZ_SETUP_DB_ERROR_ALREADY_CHOSEN","eZStepInstaller::DB_ERROR_ALREADY_CHOSEN",
"kernel/setup/steps/ezstep_site_details.php","EZ_SETUP_SITE_ACCESS_ILLEGAL","eZStepSiteDetails::SITE_ACCESS_ILLEGAL",
"kernel/setup/steps/ezstep_site_details.php","EZ_SETUP_SITE_ACCESS_DEFAULT_REGEXP","eZStepSiteDetails::SITE_ACCESS_DEFAULT_REGEXP",
"kernel/setup/steps/ezstep_site_details.php","EZ_SETUP_SITE_ACCESS_HOSTNAME_REGEXP","eZStepSiteDetails::SITE_ACCESS_HOSTNAME_REGEXP",
"kernel/setup/steps/ezstep_site_details.php","EZ_SETUP_SITE_ACCESS_PORT_REGEXP","eZStepSiteDetails::SITE_ACCESS_PORT_REGEXP",
"kernel/setup/systemupgrade.php","MD5_SUM_LIST_FILE",,
"kernel/shop/classes/exchangeratehandlers/ezexchangeratesupdatehandler.php","EZ_EXCHANGE_RATES_HANDLER_OK","eZExchangeRatesUpdateHandler::OK",
"kernel/shop/classes/exchangeratehandlers/ezexchangeratesupdatehandler.php","EZ_EXCHANGE_RATES_HANDLER_CANT_CREATE_HANDLER","eZExchangeRatesUpdateHandler::CANT_CREATE_HANDLER",
"kernel/shop/classes/exchangeratehandlers/ezexchangeratesupdatehandler.php","EZ_EXCHANGE_RATES_HANDLER_REQUEST_RATES_FAILED","eZExchangeRatesUpdateHandler::FAILED",
"kernel/shop/classes/exchangeratehandlers/ezexchangeratesupdatehandler.php","EZ_EXCHANGE_RATES_HANDLER_EMPTY_RATE_LIST","eZExchangeRatesUpdateHandler::EMPTY_RATE_LIST",
"kernel/shop/classes/exchangeratehandlers/ezexchangeratesupdatehandler.php","EZ_EXCHANGE_RATES_HANDLER_UNKNOWN_BASE_CURRENCY","eZExchangeRatesUpdateHandler::UNKNOWN_BASE_CURRENCY",
"kernel/shop/classes/exchangeratehandlers/ezexchangeratesupdatehandler.php","EZ_EXCHANGE_RATES_HANDLER_INVALID_BASE_CROSS_RATE","eZExchangeRatesUpdateHandler::INVALID_BASE_CROSS_RATE",
"kernel/shop/classes/ezcurrencyconverter.php","EZ_CURRENCY_CONVERTER_ROUNDING_TYPE_NONE","eZCurrencyConverter::ROUNDING_TYPE_NONE",
"kernel/shop/classes/ezcurrencyconverter.php","EZ_CURRENCY_CONVERTER_ROUNDING_TYPE_ROUND","eZCurrencyConverter::ROUNDING_TYPE_ROUND",
"kernel/shop/classes/ezcurrencyconverter.php","EZ_CURRENCY_CONVERTER_ROUNDING_TYPE_CEIL","eZCurrencyConverter::ROUNDING_TYPE_CEIL",
"kernel/shop/classes/ezcurrencyconverter.php","EZ_CURRENCY_CONVERTER_ROUNDING_TYPE_FLOOR","eZCurrencyConverter::ROUNDING_TYPE_FLOOR",
"kernel/shop/classes/ezcurrencydata.php","EZ_CURRENCYDATA_DEFAULT_AUTO_RATE_VALUE","eZCurrencyData::DEFAULT_AUTO_RATE_VALUE",
"kernel/shop/classes/ezcurrencydata.php","EZ_CURRENCYDATA_DEFAULT_CUSTOM_RATE_VALUE","eZCurrencyData::DEFAULT_CUSTOM_RATE_VALUE",
"kernel/shop/classes/ezcurrencydata.php","EZ_CURRENCYDATA_DEFAULT_RATE_FACTOR_VALUE","eZCurrencyData::DEFAULT_RATE_FACTOR_VALUE",
"kernel/shop/classes/ezcurrencydata.php","EZ_CURRENCYDATA_ERROR_OK","eZCurrencyData::ERROR_OK",
"kernel/shop/classes/ezcurrencydata.php","EZ_CURRENCYDATA_ERROR_UNKNOWN","eZCurrencyData::ERROR_UNKNOWN",
"kernel/shop/classes/ezcurrencydata.php","EZ_CURRENCYDATA_ERROR_INVALID_CURRENCY_CODE","eZCurrencyData::ERROR_INVALID_CURRENCY_CODE",
"kernel/shop/classes/ezcurrencydata.php","EZ_CURRENCYDATA_ERROR_CURRENCY_EXISTS","eZCurrencyData::ERROR_CURRENCY_EXISTS",
"kernel/shop/classes/ezcurrencydata.php","EZ_CURRENCYDATA_STATUS_ACTIVE","eZCurrencyData::STATUS_ACTIVE",
"kernel/shop/classes/ezcurrencydata.php","EZ_CURRENCYDATA_STATUS_INACTIVE","eZCurrencyData::STATUS_INACTIVE",
"kernel/shop/classes/ezmultipricedata.php","EZ_MULTIPRICEDATA_VALUE_TYPE_CUSTOM","eZMultiPriceData::VALUE_TYPE_CUSTOM",
"kernel/shop/classes/ezmultipricedata.php","EZ_MULTIPRICEDATA_VALUE_TYPE_AUTO","eZMultiPriceData::VALUE_TYPE_AUTO",
"kernel/shop/classes/ezmultipricedata.php","EZ_MULTIPRICEDATA_FETCH_DATA_LIST_LIMIT","eZMultiPriceData::FETCH_DATA_LIST_LIMIT",
"kernel/shop/classes/ezmultipricedata.php","EZ_MULTIPRICEDATA_OK","eZMultiPriceData::ERROR_OK",
"kernel/shop/classes/ezmultipricedata.php","EZ_MULTIPRICEDATA_AUTOPRICES_UPDATE_FAILED","eZMultiPriceData::ERROR_AUTOPRICES_UPDATE_FAILED",
"kernel/shop/classes/ezpaymentobject.php","EZ_REDIRECT_PAYMENT_STATUS_NOT_APPROVED","eZPaymentObject::STATUS_NOT_APPROVED",
"kernel/shop/classes/ezpaymentobject.php","EZ_REDIRECT_PAYMENT_STATUS_APPROVED","eZPaymentObject::STATUS_APPROVED",
"kernel/shop/classes/ezredirectgateway.php","EZ_REDIRECT_GATEWAY_OBJECT_NOT_CREATED","eZRedirectGateway::OBJECT_NOT_CREATED",
"kernel/shop/classes/ezredirectgateway.php","EZ_REDIRECT_GATEWAY_OBJECT_CREATED","eZRedirectGateway::OBJECT_CREATED",
"kernel/shop/errors.php","EZ_ERROR_SHOP_OK","eZError::SHOP_OK",
"kernel/shop/errors.php","EZ_ERROR_SHOP_NOT_A_PRODUCT","eZError::SHOP_NOT_A_PRODUCT",
"kernel/shop/errors.php","EZ_ERROR_SHOP_BASKET_INCOMPATIBLE_PRODUCT_TYPE","eZError::SHOP_BASKET_INCOMPATIBLE_PRODUCT_TYPE",
"kernel/shop/errors.php","EZ_ERROR_SHOP_PREFERRED_CURRENCY_DOESNOT_EXIST","eZError::SHOP_PREFERRED_CURRENCY_DOESNOT_EXIST",
"kernel/shop/errors.php","EZ_ERROR_SHOP_PREFERRED_CURRENCY_INACTIVE","eZError::SHOP_PREFERRED_CURRENCY_INACTIVE",
"lib/ezdb/classes/ezdbinterface.php","EZ_DB_BINDING_NO","eZDBInterface::BINDING_NO",
"lib/ezdb/classes/ezdbinterface.php","EZ_DB_BINDING_NAME","eZDBInterface::BINDING_NAME",
"lib/ezdb/classes/ezdbinterface.php","EZ_DB_BINDING_ORDERED","eZDBInterface::BINDING_ORDERED",
"lib/ezdb/classes/ezdbinterface.php","EZ_DB_RELATION_TABLE","eZDBInterface::RELATION_TABLE",
"lib/ezdb/classes/ezdbinterface.php","EZ_DB_RELATION_SEQUENCE","eZDBInterface::RELATION_SEQUENCE",
"lib/ezdb/classes/ezdbinterface.php","EZ_DB_RELATION_TRIGGER","eZDBInterface::RELATION_TRIGGER",
"lib/ezdb/classes/ezdbinterface.php","EZ_DB_RELATION_VIEW","eZDBInterface::RELATION_VIEW",
"lib/ezdb/classes/ezdbinterface.php","EZ_DB_RELATION_INDEX","eZDBInterface::RELATION_INDEX",
"lib/ezdb/classes/ezdbinterface.php","EZ_DB_RELATION_TABLE_BIT","eZDBInterface::RELATION_TABLE_BIT",
"lib/ezdb/classes/ezdbinterface.php","EZ_DB_RELATION_SEQUENCE_BIT","eZDBInterface::RELATION_SEQUENCE_BIT",
"lib/ezdb/classes/ezdbinterface.php","EZ_DB_RELATION_TRIGGER_BIT","eZDBInterface::RELATION_TRIGGER_BIT",
"lib/ezdb/classes/ezdbinterface.php","EZ_DB_RELATION_VIEW_BIT","eZDBInterface::RELATION_VIEW_BIT",
"lib/ezdb/classes/ezdbinterface.php","EZ_DB_RELATION_INDEX_BIT","eZDBInterface::RELATION_INDEX_BIT",
"lib/ezdb/classes/ezdbinterface.php","EZ_DB_RELATION_NONE","eZDBInterface::RELATION_NONE",
"lib/ezdb/classes/ezdbinterface.php","EZ_DB_RELATION_MASK","eZDBInterface::RELATION_MASK",
"lib/ezdb/classes/ezdbinterface.php","EZ_DB_ERROR_MISSING_EXTENSION","eZDBInterface::ERROR_MISSING_EXTENSION",
"lib/ezdbschema/classes/ezpgsqlschema.php","SHOW_TABLES_QUERY","eZPgsqlSchema::SHOW_TABLES_QUERY",
"lib/ezdbschema/classes/ezpgsqlschema.php","FETCH_TABLE_OID_QUERY","eZPgsqlSchema::FETCH_TABLE_OID_QUERY",
"lib/ezdbschema/classes/ezpgsqlschema.php","FETCH_TABLE_DEF_QUERY","eZPgsqlSchema::FETCH_TABLE_DEF_QUERY",
"lib/ezdbschema/classes/ezpgsqlschema.php","FETCH_INDEX_DEF_QUERY","eZPgsqlSchema::FETCH_INDEX_DEF_QUERY",
"lib/ezdbschema/classes/ezpgsqlschema.php","FETCH_INDEX_COL_NAMES_QUERY","eZPgsqlSchema::FETCH_INDEX_COL_NAMES_QUERY",
"lib/ezfile/classes/ezdir.php","EZ_DIR_SEPARATOR_LOCAL","eZDir::SEPARATOR_LOCAL",
"lib/ezfile/classes/ezdir.php","EZ_DIR_SEPARATOR_UNIX","eZDir::SEPARATOR_UNIX",
"lib/ezfile/classes/ezdir.php","EZ_DIR_SEPARATOR_DOS","eZDir::SEPARATOR_DOS",
"lib/ezfile/classes/ezlog.php","EZ_MAX_LOGROTATE_FILES","eZLog::MAX_LOGROTATE_FILES",
"lib/ezfile/classes/ezlog.php","EZ_MAX_LOGFILE_SIZE","eZLog::MAX_LOGFILE_SIZE",
"lib/ezi18n/classes/ezchartransform.php","EZ_CHARTRANSFORM_CODEDATE","eZCharTransform::CODE_DATE",
"lib/ezi18n/classes/ezcodemapper.php","EZ_CODEMAPPER_TYPE_DIRECT","eZCodeMapper::TYPE_DIRECT",
"lib/ezi18n/classes/ezcodemapper.php","EZ_CODEMAPPER_TYPE_RANGE","eZCodeMapper::TYPE_RANGE",
"lib/ezi18n/classes/ezcodemapper.php","EZ_CODEMAPPER_TYPE_REPLACE","eZCodeMapper::TYPE_REPLACE",
"lib/ezi18n/classes/ezcodepage.php","EZ_CODEPAGE_CACHE_CODE_DATE","eZCodePage::CACHE_CODE_DATE",
"lib/ezi18n/classes/ezcodepagemapper.php","EZ_CODEPAGE_MAPPER_CACHE_CODE_DATE","eZCodePageMapper::CACHE_CODE_DATE",
"lib/ezi18n/classes/eztranslationcache.php","EZ_TRANSLATION_CACHE_CODE_DATE","eZTranslationCache::CODE_DATE",
"lib/ezi18n/classes/eztranslatormanager.php","EZ_TM_DYNAMIC_TRANSLATIONS_ENABLED","eZTranslatorManager::DYNAMIC_TRANSLATIONS_ENABLED",
"lib/ezimage/classes/ezimageanalyzer.php","EZ_IMAGE_MODE_INDEXED","eZImageAnalyzer::MODE_INDEXED",
"lib/ezimage/classes/ezimageanalyzer.php","EZ_IMAGE_MODE_TRUECOLOR","eZImageAnalyzer::MODE_TRUECOLOR",
"lib/ezimage/classes/ezimageanalyzer.php","EZ_IMAGE_TIMER_HUNDRETHS_OF_A_SECOND","eZImageAnalyzer::TIMER_HUNDRETHS_OF_A_SECOND",
"lib/ezimage/classes/ezimageanalyzer.php","EZ_IMAGE_TRANSPARENCY_OPAQUE","eZImageAnalyzer::TRANSPARENCY_OPAQUE",
"lib/ezimage/classes/ezimageanalyzer.php","EZ_IMAGE_TRANSPARENCY_TRANSPARENT","eZImageAnalyzer::TRANSPARENCY_TRANSPARENT",
"lib/ezimage/classes/ezimageanalyzer.php","EZ_IMAGE_TRANSPARENCY_TRANSLUCENT","eZImageAnalyzer::TRANSPARENCY_TRANSLUCENT",
"lib/ezimage/classes/ezimagehandler.php","EZ_IMAGE_HANDLER_KEEP_SUFFIX","eZImageHandler::KEEP_SUFFIX",
"lib/ezimage/classes/ezimagehandler.php","EZ_IMAGE_HANDLER_REPLACE_SUFFIX","eZImageHandler::REPLACE_SUFFIX",
"lib/ezimage/classes/ezimagehandler.php","EZ_IMAGE_HANDLER_PREPEND_TAG_REPLACE_SUFFIX","eZImageHandler::PREPEND_TAG_REPLACE_SUFFIX",
"lib/ezimage/classes/ezimageobject.php","EZ_IMAGE_ALIGN_AXIS_NONE","eZImageObject::ALIGN_AXIS_NONE",
"lib/ezimage/classes/ezimageobject.php","EZ_IMAGE_ALIGN_AXIS_START","eZImageObject::ALIGN_AXIS_START",
"lib/ezimage/classes/ezimageobject.php","EZ_IMAGE_ALIGN_AXIS_STOP","eZImageObject::ALIGN_AXIS_STOP",
"lib/ezimage/classes/ezimageobject.php","EZ_IMAGE_ALIGN_AXIS_CENTER","eZImageObject::ALIGN_AXIS_CENTER",
"lib/ezimage/classes/ezimageobject.php","EZ_IMAGE_ALIGN_AXIS_MASK","eZImageObject::ALIGN_AXIS_MASK",
"lib/ezimage/classes/ezimageobject.php","EZ_IMAGE_PLACE_CONSTANT","eZImageObject::PLACE_CONSTANT",
"lib/ezimage/classes/ezimageobject.php","EZ_IMAGE_PLACE_RELATIVE","eZImageObject::PLACE_RELATIVE",
"lib/ezlocale/classes/ezlocale.php","EZ_LOCALE_DEBUG_INTERNALS","eZLocale::DEBUG_INTERNALS",
"lib/ezlocale/classes/eztime.php","EZTIME_SECONDS_A_MINUTE","eZTime::SECONDS_A_MINUTE",
"lib/ezlocale/classes/eztime.php","EZTIME_SECONDS_AN_HOUR","eZTime::SECONDS_AN_HOUR",
"lib/ezlocale/classes/eztime.php","EZTIME_SECONDS_A_DAY","eZTime::SECONDS_A_DAY",
"lib/ezmath/classes/mathhandlers/ezbcmath.php","EZ_BCMATH_DEFAULT_SCALE","eZBCMath::DEFAULT_SCALE",
"lib/ezpdf/classes/class.ezpdftable.php","EZ_PDF_LIB_NEWLINE","eZPDFTable::NEWLINE",
"lib/ezpdf/classes/class.ezpdftable.php","EZ_PDF_LIB_SPACE","eZPDFTable::SPACE",
"lib/ezpdf/classes/class.ezpdftable.php","EZ_PDF_LIB_TAB","eZPDFTable::TAB",
"lib/ezpdf/classes/class.ezpdftable.php","EZ_PDF_LIB_PAGENUM","eZPDFTable::PAGENUM",
"lib/ezpdf/classes/class.ezpdftable.php","EZ_PDF_LIB_TOTAL_PAGENUM","eZPDFTable::TOTAL_PAGENUM",
"lib/ezpdf/classes/class.ezpdftable.php","EZ_PDF_LIB_HEADER_LEVEL","eZPDFTable::HEADER_LEVEL",
"lib/ezpdf/classes/class.ezpdftable.php","EZ_PDF_LIB_HEADER_LEVEL_INDEX","eZPDFTable::HEADER_LEVEL_INDEX",
"lib/ezsoap/classes/ezsoapenvelope.php","EZ_SOAP_ENV","eZSOAPEnvelope::ENV",
"lib/ezsoap/classes/ezsoapenvelope.php","EZ_SOAP_ENC","eZSOAPEnvelope::ENC",
"lib/ezsoap/classes/ezsoapenvelope.php","EZ_SOAP_SCHEMA_INSTANCE","eZSOAPEnvelope::SCHEMA_INSTANCE",
"lib/ezsoap/classes/ezsoapenvelope.php","EZ_SOAP_SCHEMA_DATA","eZSOAPEnvelope::SCHEMA_DATA",
"lib/ezsoap/classes/ezsoapenvelope.php","EZ_SOAP_ENV_PREFIX","eZSOAPEnvelope::ENV_PREFIX",
"lib/ezsoap/classes/ezsoapenvelope.php","EZ_SOAP_ENC_PREFIX","eZSOAPEnvelope::ENC_PREFIX",
"lib/ezsoap/classes/ezsoapenvelope.php","EZ_SOAP_XSI_PREFIX","eZSOAPEnvelope::XSI_PREFIX",
"lib/ezsoap/classes/ezsoapenvelope.php","EZ_SOAP_XSD_PREFIX","eZSOAPEnvelope::XSD_PREFIX",
"lib/ezsoap/classes/ezsoapenvelope.php","EZ_SOAP_INT","eZSOAPEnvelope::INT",
"lib/ezsoap/classes/ezsoapenvelope.php","EZ_SOAP_STRING","eZSOAPEnvelope::STRING",
"lib/eztemplate/classes/eztemplate.php","EZ_RESOURCE_FETCH","eZTemplate::RESOURCE_FETCH",
"lib/eztemplate/classes/eztemplate.php","EZ_RESOURCE_QUERY","eZTemplate::RESOURCE_QUERY",
"lib/eztemplate/classes/eztemplate.php","EZ_ELEMENT_TEXT","eZTemplate::ELEMENT_TEXT",
"lib/eztemplate/classes/eztemplate.php","EZ_ELEMENT_SINGLE_TAG","eZTemplate::ELEMENT_SINGLE_TAG",
"lib/eztemplate/classes/eztemplate.php","EZ_ELEMENT_NORMAL_TAG","eZTemplate::ELEMENT_NORMAL_TAG",
"lib/eztemplate/classes/eztemplate.php","EZ_ELEMENT_END_TAG","eZTemplate::ELEMENT_END_TAG",
"lib/eztemplate/classes/eztemplate.php","EZ_ELEMENT_VARIABLE","eZTemplate::ELEMENT_VARIABLE",
"lib/eztemplate/classes/eztemplate.php","EZ_ELEMENT_COMMENT","eZTemplate::ELEMENT_COMMENT",
"lib/eztemplate/classes/eztemplate.php","EZ_TEMPLATE_NODE_ROOT","eZTemplate::NODE_ROOT",
"lib/eztemplate/classes/eztemplate.php","EZ_TEMPLATE_NODE_TEXT","eZTemplate::NODE_TEXT",
"lib/eztemplate/classes/eztemplate.php","EZ_TEMPLATE_NODE_VARIABLE","eZTemplate::NODE_VARIABLE",
"lib/eztemplate/classes/eztemplate.php","EZ_TEMPLATE_NODE_FUNCTION","eZTemplate::NODE_FUNCTION",
"lib/eztemplate/classes/eztemplate.php","EZ_TEMPLATE_NODE_OPERATOR","eZTemplate::NODE_OPERATOR",
"lib/eztemplate/classes/eztemplate.php","EZ_TEMPLATE_NODE_INTERNAL","eZTemplate::NODE_INTERNAL",
"lib/eztemplate/classes/eztemplate.php","EZ_TEMPLATE_NODE_INTERNAL_CODE_PIECE","eZTemplate::NODE_INTERNAL_CODE_PIECE",
"lib/eztemplate/classes/eztemplate.php","EZ_TEMPLATE_NODE_INTERNAL_VARIABLE_SET","eZTemplate::NODE_INTERNAL_VARIABLE_SET",
"lib/eztemplate/classes/eztemplate.php","EZ_TEMPLATE_NODE_INTERNAL_VARIABLE_UNSET","eZTemplate::NODE_INTERNAL_VARIABLE_UNSET",
"lib/eztemplate/classes/eztemplate.php","EZ_TEMPLATE_NODE_INTERNAL_NAMESPACE_CHANGE","eZTemplate::NODE_INTERNAL_NAMESPACE_CHANGE",
"lib/eztemplate/classes/eztemplate.php","EZ_TEMPLATE_NODE_INTERNAL_NAMESPACE_RESTORE","eZTemplate::NODE_INTERNAL_NAMESPACE_RESTORE",
"lib/eztemplate/classes/eztemplate.php","EZ_TEMPLATE_NODE_INTERNAL_WARNING","eZTemplate::NODE_INTERNAL_WARNING",
"lib/eztemplate/classes/eztemplate.php","EZ_TEMPLATE_NODE_INTERNAL_ERROR","eZTemplate::NODE_INTERNAL_ERROR",
"lib/eztemplate/classes/eztemplate.php","EZ_TEMPLATE_NODE_INTERNAL_RESOURCE_ACQUISITION","eZTemplate::NODE_INTERNAL_RESOURCE_ACQUISITION",
"lib/eztemplate/classes/eztemplate.php","EZ_TEMPLATE_NODE_OPTIMIZED_RESOURCE_ACQUISITION","eZTemplate::NODE_OPTIMIZED_RESOURCE_ACQUISITION",
"lib/eztemplate/classes/eztemplate.php","EZ_TEMPLATE_NODE_INTERNAL_OUTPUT_ASSIGN","eZTemplate::NODE_INTERNAL_OUTPUT_ASSIGN",
"lib/eztemplate/classes/eztemplate.php","EZ_TEMPLATE_NODE_INTERNAL_OUTPUT_READ","eZTemplate::NODE_INTERNAL_OUTPUT_READ",
"lib/eztemplate/classes/eztemplate.php","EZ_TEMPLATE_NODE_INTERNAL_OUTPUT_INCREASE","eZTemplate::NODE_INTERNAL_OUTPUT_INCREASE",
"lib/eztemplate/classes/eztemplate.php","EZ_TEMPLATE_NODE_INTERNAL_OUTPUT_DECREASE","eZTemplate::NODE_INTERNAL_OUTPUT_DECREASE",
"lib/eztemplate/classes/eztemplate.php","EZ_TEMPLATE_NODE_INTERNAL_SPACING_INCREASE","eZTemplate::NODE_INTERNAL_OUTPUT_SPACING_INCREASE",
"lib/eztemplate/classes/eztemplate.php","EZ_TEMPLATE_NODE_INTERNAL_SPACING_DECREASE","eZTemplate::NODE_INTERNAL_SPACING_DECREASE",
"lib/eztemplate/classes/eztemplate.php","EZ_TEMPLATE_NODE_OPTIMIZED_INIT","eZTemplate::NODE_OPTIMIZED_INIT",
"lib/eztemplate/classes/eztemplate.php","EZ_TEMPLATE_NODE_USER_CUSTOM","eZTemplate::NODE_USER_CUSTOM",
"lib/eztemplate/classes/eztemplate.php","EZ_TEMPLATE_TYPE_VOID","eZTemplate::TYPE_VOID",
"lib/eztemplate/classes/eztemplate.php","EZ_TEMPLATE_TYPE_STRING","eZTemplate::TYPE_STRING",
"lib/eztemplate/classes/eztemplate.php","EZ_TEMPLATE_TYPE_NUMERIC","eZTemplate::TYPE_NUMERIC",
"lib/eztemplate/classes/eztemplate.php","EZ_TEMPLATE_TYPE_IDENTIFIER","eZTemplate::TYPE_IDENTIFIER",
"lib/eztemplate/classes/eztemplate.php","EZ_TEMPLATE_TYPE_VARIABLE","eZTemplate::TYPE_VARIABLE",
"lib/eztemplate/classes/eztemplate.php","EZ_TEMPLATE_TYPE_ATTRIBUTE","eZTemplate::TYPE_ATTRIBUTE",
"lib/eztemplate/classes/eztemplate.php","EZ_TEMPLATE_TYPE_OPERATOR","eZTemplate::TYPE_OPERATOR",
"lib/eztemplate/classes/eztemplate.php","EZ_TEMPLATE_TYPE_BOOLEAN","eZTemplate::TYPE_BOOLEAN",
"lib/eztemplate/classes/eztemplate.php","EZ_TEMPLATE_TYPE_ARRAY","eZTemplate::TYPE_ARRAY",
"lib/eztemplate/classes/eztemplate.php","EZ_TEMPLATE_TYPE_DYNAMIC_ARRAY","eZTemplate::TYPE_DYNAMIC_ARRAY",
"lib/eztemplate/classes/eztemplate.php","EZ_TEMPLATE_TYPE_INTERNAL","eZTemplate::TYPE_INTERNAL",
"lib/eztemplate/classes/eztemplate.php","EZ_TEMPLATE_TYPE_INTERNAL_CODE_PIECE","eZTemplate::TYPE_INTERNAL_CODE_PIECE",
"lib/eztemplate/classes/eztemplate.php","EZ_TEMPLATE_TYPE_PHP_VARIABLE","eZTemplate::TYPE_PHP_VARIABLE",
"lib/eztemplate/classes/eztemplate.php","EZ_TEMPLATE_TYPE_OPTIMIZED_NODE","eZTemplate::TYPE_OPTIMIZED_NODE",
"lib/eztemplate/classes/eztemplate.php","EZ_TEMPLATE_TYPE_OPTIMIZED_ARRAY_LOOKUP","eZTemplate::TYPE_OPTIMIZED_ARRAY_LOOKUP",
"lib/eztemplate/classes/eztemplate.php","EZ_TEMPLATE_TYPE_OPTIMIZED_CONTENT_CALL","eZTemplate::TYPE_OPTIMIZED_CONTENT_CALL",
"lib/eztemplate/classes/eztemplate.php","EZ_TEMPLATE_TYPE_OPTIMIZED_ATTRIBUTE_LOOKUP","eZTemplate::TYPE_OPTIMIZED_ATTRIBUTE_LOOKUP",
"lib/eztemplate/classes/eztemplate.php","EZ_TEMPLATE_TYPE_INTERNAL_STOP","eZTemplate::TYPE_INTERNAL_STOP",
"lib/eztemplate/classes/eztemplate.php","EZ_TEMPLATE_TYPE_STRING_BIT","eZTemplate::TYPE_STRING_BIT",
"lib/eztemplate/classes/eztemplate.php","EZ_TEMPLATE_TYPE_NUMERIC_BIT","eZTemplate::TYPE_NUMERIC_BIT",
"lib/eztemplate/classes/eztemplate.php","EZ_TEMPLATE_TYPE_IDENTIFIER_BIT","eZTemplate::TYPE_IDENTIFIER_BIT",
"lib/eztemplate/classes/eztemplate.php","EZ_TEMPLATE_TYPE_VARIABLE_BIT","eZTemplate::TYPE_VARIABLE_BIT",
"lib/eztemplate/classes/eztemplate.php","EZ_TEMPLATE_TYPE_ATTRIBUTE_BIT","eZTemplate::TYPE_ATTRIBUTE_BIT",
"lib/eztemplate/classes/eztemplate.php","EZ_TEMPLATE_TYPE_OPERATOR_BIT","eZTemplate::TYPE_OPERATOR_BIT",
"lib/eztemplate/classes/eztemplate.php","EZ_TEMPLATE_TYPE_NONE","eZTemplate::TYPE_NONE",
"lib/eztemplate/classes/eztemplate.php","EZ_TEMPLATE_TYPE_ALL","eZTemplate::TYPE_ALL",
"lib/eztemplate/classes/eztemplate.php","EZ_TEMPLATE_TYPE_BASIC","eZTemplate::TYPE_BASIC",
"lib/eztemplate/classes/eztemplate.php","EZ_TEMPLATE_TYPE_MODIFIER_MASK","eZTemplate::TYPE_MODIFIER_MASK",
"lib/eztemplate/classes/eztemplate.php","EZ_TEMPLATE_NAMESPACE_SCOPE_GLOBAL","eZTemplate::NAMESPACE_SCOPE_GLOBAL",
"lib/eztemplate/classes/eztemplate.php","EZ_TEMPLATE_NAMESPACE_SCOPE_LOCAL","eZTemplate::NAMESPACE_SCOPE_LOCAL",
"lib/eztemplate/classes/eztemplate.php","EZ_TEMPLATE_NAMESPACE_SCOPE_RELATIVE","eZTemplate::NAMESPACE_SCOPE_RELATIVE",
"lib/eztemplate/classes/eztemplate.php","EZ_TEMPLATE_DEBUG_INTERNALS","eZTemplate::DEBUG_INTERNALS",
"lib/eztemplate/classes/eztemplate.php","EZ_ERROR_TEMPLATE_FILE_ERRORS","eZTemplate::FILE_ERRORS",
"lib/eztemplate/classes/eztemplateblockfunction.php","EZ_TEMPLATE_BLOCK_SCOPE_RELATIVE","eZTemplateBlockFunction::SCOPE_RELATIVE",
"lib/eztemplate/classes/eztemplateblockfunction.php","EZ_TEMPLATE_BLOCK_SCOPE_ROOT","eZTemplateBlockFunction::SCOPE_ROOT",
"lib/eztemplate/classes/eztemplateblockfunction.php","EZ_TEMPLATE_BLOCK_SCOPE_GLOBAL","eZTemplateBlockFunction::SCOPE_GLOBAL",
"lib/eztemplate/classes/eztemplatecachefunction.php","eZTemplateCacheFunction_FileGenerateTimeout",,"removed"
"lib/eztemplate/classes/eztemplatecompiler.php","EZ_TEMPLATE_COMPILE_CODE_DATE","eZTemplateCompiler::CODE_DATE",
"lib/eztemplate/classes/eztemplatedeffunction.php","EZ_TEMPLATE_DEF_FUNCTION_NAME","eZTemplateDefFunction::DEF_FUNCTION_NAME",
"lib/eztemplate/classes/eztemplatedeffunction.php","EZ_TEMPLATE_UNDEF_FUNCTION_NAME","eZTemplateDefFunction::UNDEF_FUNCTION_NAME",
"lib/eztemplate/classes/eztemplatedofunction.php","EZ_TEMPLATE_DO_FUNCTION_NAME","eZTemplateDoFunction::FUNCTION_NAME",
"lib/eztemplate/classes/eztemplateforeachfunction.php","EZ_TEMPLATE_FOREACH_FUNCTION_NAME","eZTemplateForeachFunction::FUNCTION_NAME",
"lib/eztemplate/classes/eztemplateforfunction.php","EZ_TEMPLATE_FOR_FUNCTION_NAME","eZTemplateForFunction::FUNCTION_NAME",
"lib/eztemplate/classes/eztemplateiffunction.php","EZ_TEMPLATE_IF_FUNCTION_NAME","eZTemplateIfFunction::FUNCTION_NAME",
"lib/eztemplate/classes/eztemplatesetfunction.php","EZ_TEMPLATE_SET_SCOPE_RELATIVE","eZTemplateSetFunction::SCOPE_RELATIVE",
"lib/eztemplate/classes/eztemplatesetfunction.php","EZ_TEMPLATE_SET_SCOPE_ROOT","eZTemplateSetFunction::SCOPE_ROOT",
"lib/eztemplate/classes/eztemplatesetfunction.php","EZ_TEMPLATE_SET_SCOPE_GLOBAL","eZTemplateSetFunction::SCOPE_GLOBAL",
"lib/eztemplate/classes/eztemplatetreecache.php","EZ_TEMPLATE_TREE_CACHE_CODE_DATE","eZTemplateTreeCache::CODE_DATE",
"lib/eztemplate/classes/eztemplatewhilefunction.php","EZ_TEMPLATE_WHILE_FUNCTION_NAME","eZTemplateWhileFunction::FUNCTION_NAME",
"lib/ezutils/classes/ezcli.php","EZ_CLI_TERMINAL_ENDOFLINE_STRING","eZCLI::TERMINAL_ENDOFLINE_STRING",
"lib/ezutils/classes/ezdebug.php","EZ_LEVEL_NOTICE","eZDebug::LEVEL_NOTICE",
"lib/ezutils/classes/ezdebug.php","EZ_LEVEL_WARNING","eZDebug::LEVEL_WARNING",
"lib/ezutils/classes/ezdebug.php","EZ_LEVEL_ERROR","eZDebug::LEVEL_ERROR",
"lib/ezutils/classes/ezdebug.php","EZ_LEVEL_TIMING_POINT","eZDebug::LEVEL_TIMING_POINT",
"lib/ezutils/classes/ezdebug.php","EZ_LEVEL_DEBUG","eZDebug::LEVEL_DEBUG",
"lib/ezutils/classes/ezdebug.php","EZ_LEVEL_STRICT","eZDebug::LEVEL_STRICT",
"lib/ezutils/classes/ezdebug.php","EZ_SHOW_NOTICE","eZDebug::SHOW_NOTICE",
"lib/ezutils/classes/ezdebug.php","EZ_SHOW_WARNING","eZDebug::SHOW_WARNING",
"lib/ezutils/classes/ezdebug.php","EZ_SHOW_ERROR","eZDebug::SHOW_ERROR",
"lib/ezutils/classes/ezdebug.php","EZ_SHOW_TIMING_POINT","eZDebug::SHOW_TIMING_POINT",
"lib/ezutils/classes/ezdebug.php","EZ_SHOW_DEBUG","eZDebug::SHOW_DEBUG",
"lib/ezutils/classes/ezdebug.php","EZ_SHOW_STRICT","eZDebug::SHOW_STRICT",
"lib/ezutils/classes/ezdebug.php","EZ_SHOW_ALL","eZDebug::SHOW_ALL",
"lib/ezutils/classes/ezdebug.php","EZ_HANDLE_NONE","eZDebug::HANDLE_NONE",
"lib/ezutils/classes/ezdebug.php","EZ_HANDLE_FROM_PHP","eZDebug::HANDLE_FROM_PHP",
"lib/ezutils/classes/ezdebug.php","EZ_HANDLE_TO_PHP","eZDebug::HANDLE_TO_PHP",
"lib/ezutils/classes/ezdebug.php","EZ_OUTPUT_MESSAGE_SCREEN","eZDebug::OUTPUT_MESSAGE_SCREEN",
"lib/ezutils/classes/ezdebug.php","EZ_OUTPUT_MESSAGE_STORE","eZDebug::OUTPUT_MESSAGE_STORE",
"lib/ezutils/classes/ezdebug.php","EZ_DEBUG_MAX_LOGFILE_SIZE","eZDebug::MAX_LOGFILE_SIZE",
"lib/ezutils/classes/ezdebug.php","EZ_DEBUG_MAX_LOGROTATE_FILES","eZDebug::MAX_LOGROTATE_FILES",
"lib/ezutils/classes/ezdebug.php","EZ_DEBUG_XDEBUG_SIGNATURE","eZDebug::XDEBUG_SIGNATURE",
"lib/ezutils/classes/ezhttpfile.php","EZ_UPLOADEDFILE_OK","eZHTTPFile::UPLOADEDFILE_OK",
"lib/ezutils/classes/ezhttpfile.php","EZ_UPLOADEDFILE_DOES_NOT_EXIST","eZHTTPFile::UPLOADEDFILE_DOES_NOT_EXIST",
"lib/ezutils/classes/ezhttpfile.php","EZ_UPLOADEDFILE_EXCEEDS_PHP_LIMIT","eZHTTPFile::UPLOADEDFILE_EXCEEDS_PHP_LIMIT",
"lib/ezutils/classes/ezhttpfile.php","EZ_UPLOADEDFILE_EXCEEDS_MAX_SIZE","eZHTTPFile::UPLOADEDFILE_EXCEEDS_MAX_SIZE",
"lib/ezutils/classes/ezini.php","EZ_INI_CACHE_CODE_DATE","eZINI::CACHE_CODE_DATE",
"lib/ezutils/classes/ezini.php","EZ_INI_DEBUG_INTERNALS","eZINI::DEBUG_INTERNALS",
"lib/ezutils/classes/ezinputvalidator.php","EZ_INPUT_VALIDATOR_STATE_ACCEPTED","eZInputValidator::STATE_ACCEPTED",
"lib/ezutils/classes/ezinputvalidator.php","EZ_INPUT_VALIDATOR_STATE_INTERMEDIATE","eZInputValidator::STATE_INTERMEDIATE",
"lib/ezutils/classes/ezinputvalidator.php","EZ_INPUT_VALIDATOR_STATE_INVALID","eZInputValidator::STATE_INVALID",
"lib/ezutils/classes/ezmail.php","EZ_MAIL_REGEXP","eZMail::REGEXP",
"lib/ezutils/classes/ezmail.php","EZ_MAIL_LINE_SEPARATOR","eZMail::lineSeparator()",
"lib/ezutils/classes/ezmodule.php","EZ_MODULE_STATUS_IDLE","eZModule::STATUS_IDLE",
"lib/ezutils/classes/ezmodule.php","EZ_MODULE_STATUS_OK","eZModule::STATUS_OK",
"lib/ezutils/classes/ezmodule.php","EZ_MODULE_STATUS_FAILED","eZModule::STATUS_FAILED",
"lib/ezutils/classes/ezmodule.php","EZ_MODULE_STATUS_REDIRECT","eZModule::STATUS_REDIRECT",
"lib/ezutils/classes/ezmodule.php","EZ_MODULE_STATUS_RERUN","eZModule::STATUS_RERUN",
"lib/ezutils/classes/ezmodule.php","EZ_MODULE_HOOK_STATUS_OK","eZModule::HOOK_STATUS_OK",
"lib/ezutils/classes/ezmodule.php","EZ_MODULE_HOOK_STATUS_CANCEL_RUN","eZModule::HOOK_STATUS_CANCEL_RUN",
"lib/ezutils/classes/ezmodule.php","EZ_MODULE_HOOK_STATUS_FAILED","eZModule::HOOK_STATUS_FAILED",
"lib/ezutils/classes/ezmodulefunctioninfo.php","EZ_MODULE_FUNCTION_ERROR_NO_CLASS","eZModuleFunctionInfo::ERROR_NO_CLASS",
"lib/ezutils/classes/ezmodulefunctioninfo.php","EZ_MODULE_FUNCTION_ERROR_NO_CLASS_METHOD","eZModuleFunctionInfo::ERROR_NO_CLASS_METHOD",
"lib/ezutils/classes/ezmodulefunctioninfo.php","EZ_MODULE_FUNCTION_ERROR_CLASS_INSTANTIATE_FAILED","eZModuleFunctionInfo::ERROR_CLASS_INSTANTIATE_FAILED",
"lib/ezutils/classes/ezmodulefunctioninfo.php","EZ_MODULE_FUNCTION_ERROR_MISSING_PARAMETER","eZModuleFunctionInfo::ERROR_MISSING_PARAMETER",
"lib/ezutils/classes/ezmoduleoperationdefinition.php","EZ_MODULE_OPERATION_ERROR_NO_CLASS","eZModuleOperationInfo::ERROR_NO_CLASS",
"lib/ezutils/classes/ezmoduleoperationdefinition.php","EZ_MODULE_OPERATION_ERROR_NO_CLASS_METHOD","eZModuleOperationInfo::ERROR_NO_CLASS_METHOD",
"lib/ezutils/classes/ezmoduleoperationdefinition.php","EZ_MODULE_OPERATION_ERROR_CLASS_INSTANTIATE_FAILED","eZModuleOperationInfo::ERROR_CLASS_INSTANTIATE_FAILED",
"lib/ezutils/classes/ezmoduleoperationdefinition.php","EZ_MODULE_OPERATION_ERROR_MISSING_PARAMETER","eZModuleOperationInfo::ERROR_MISSING_PARAMETER",
"lib/ezutils/classes/ezmoduleoperationdefinition.php","EZ_MODULE_OPERATION_CONTINUE","eZModuleOperationInfo::STATUS_CONTINUE",
"lib/ezutils/classes/ezmoduleoperationdefinition.php","EZ_MODULE_OPERATION_CANCELED","eZModuleOperationInfo::STATUS_CANCELLED",
"lib/ezutils/classes/ezmoduleoperationdefinition.php","EZ_MODULE_OPERATION_HALTED","eZModuleOperationInfo::STATUS_HALTED",
"lib/ezutils/classes/ezmutex.php","eZMutex_StealString","eZMutex::STEAL_STRING",
"lib/ezutils/classes/ezphpcreator.php","EZ_PHPCREATOR_VARIABLE","eZPHPCreator::VARIABLE",
"lib/ezutils/classes/ezphpcreator.php","EZ_PHPCREATOR_SPACE","eZPHPCreator::SPACE",
"lib/ezutils/classes/ezphpcreator.php","EZ_PHPCREATOR_TEXT","eZPHPCreator::TEXT",
"lib/ezutils/classes/ezphpcreator.php","EZ_PHPCREATOR_METHOD_CALL","eZPHPCreator::METHOD_CALL",
"lib/ezutils/classes/ezphpcreator.php","EZ_PHPCREATOR_CODE_PIECE","eZPHPCreator::CODE_PIECE",
"lib/ezutils/classes/ezphpcreator.php","EZ_PHPCREATOR_EOL_COMMENT","eZPHPCreator::EOL_COMMENT",
"lib/ezutils/classes/ezphpcreator.php","EZ_PHPCREATOR_INCLUDE","eZPHPCreator::INCLUDE_STATEMENT",
"lib/ezutils/classes/ezphpcreator.php","EZ_PHPCREATOR_VARIABLE_UNSET","eZPHPCreator::VARIABLE_UNSET",
"lib/ezutils/classes/ezphpcreator.php","EZ_PHPCREATOR_DEFINE","eZPHPCreator::DEFINE",
"lib/ezutils/classes/ezphpcreator.php","EZ_PHPCREATOR_VARIABLE_UNSET_LIST","eZPHPCreator::VARIABLE_UNSET_LIST",
"lib/ezutils/classes/ezphpcreator.php","EZ_PHPCREATOR_RAW_VARIABLE","eZPHPCreator::RAW_VARIABLE",
"lib/ezutils/classes/ezphpcreator.php","EZ_PHPCREATOR_VARIABLE_ASSIGNMENT","eZPHPCreator::VARIABLE_ASSIGNMENT",
"lib/ezutils/classes/ezphpcreator.php","EZ_PHPCREATOR_VARIABLE_APPEND_TEXT","eZPHPCreator::VARIABLE_APPEND_TEXT",
"lib/ezutils/classes/ezphpcreator.php","EZ_PHPCREATOR_VARIABLE_APPEND_ELEMENT","eZPHPCreator::VARIABLE_APPEND_ELEMENT",
"lib/ezutils/classes/ezphpcreator.php","EZ_PHPCREATOR_INCLUDE_ONCE","eZPHPCreator::INCLUDE_ONCE_STATEMENT",
"lib/ezutils/classes/ezphpcreator.php","EZ_PHPCREATOR_INCLUDE_ALWAYS","eZPHPCreator::INCLUDE_ALWAYS_STATEMENT",
"lib/ezutils/classes/ezphpcreator.php","EZ_PHPCREATOR_METHOD_CALL_PARAMETER_VALUE","eZPHPCreator::METHOD_CALL_PARAMETER_VALUE",
"lib/ezutils/classes/ezphpcreator.php","EZ_PHPCREATOR_METHOD_CALL_PARAMETER_VARIABLE","eZPHPCreator::METHOD_CALL_PARAMETER_VARIABLE",
"lib/ezutils/classes/ezsmtp.php","SMTP_STATUS_NOT_CONNECTED","smtp::STATUS_CONNECTED",
"lib/ezutils/classes/ezsmtp.php","SMTP_STATUS_CONNECTED","smtp::STATUS_CONNECTED",
"lib/ezutils/classes/ezsmtp.php","CRLF","smtp::CRLF",
"lib/ezutils/classes/ezsys.php","EZ_SYS_DEBUG_INTERNALS","eZSys::DEBUG_INTERNALS",
"lib/ezutils/classes/ezsys.php","EZSSLZONE_DEFAULT_SSL_PORT","eZSSLZone::DEFAULT_SSL_PORT",
"lib/ezutils/classes/ezweb.php","EZ_WEB_DEBUG_INTERNALS",,"removed"
"lib/ezutils/classes/ezwizardbase.php","EZ_WIZARD_STAGE_PRE","eZWizardBase::STAGE_PRE",
"lib/ezutils/classes/ezwizardbase.php","EZ_WIZARD_STAGE_POST","eZWizardBase::STAGE_POST",
"lib/ezwebdav/classes/ezwebdavserver.php","EZ_WEBDAV_OK","eZWebDAVServer::OK",
"lib/ezwebdav/classes/ezwebdavserver.php","EZ_WEBDAV_OK_SILENT","eZWebDAVServer::OK_SILENT",
"lib/ezwebdav/classes/ezwebdavserver.php","EZ_WEBDAV_OK_CREATED","eZWebDAVServer::OK_CREATED",
"lib/ezwebdav/classes/ezwebdavserver.php","EZ_WEBDAV_OK_OVERWRITE","eZWebDAVServer::OK_OVERWRITE",
"lib/ezwebdav/classes/ezwebdavserver.php","EZ_WEBDAV_FAILED_FORBIDDEN","eZWebDAVServer::FAILED_FORBIDDEN",
"lib/ezwebdav/classes/ezwebdavserver.php","EZ_WEBDAV_FAILED_NOT_FOUND","eZWebDAVServer::FAILED_NOT_FOUND",
"lib/ezwebdav/classes/ezwebdavserver.php","EZ_WEBDAV_FAILED_EXISTS","eZWebDAVServer::FAILED_EXISTS",
"lib/ezwebdav/classes/ezwebdavserver.php","EZ_WEBDAV_FAILED_CONFLICT","eZWebDAVServer::FAILED_CONFLICT",
"lib/ezwebdav/classes/ezwebdavserver.php","EZ_WEBDAV_FAILED_PRECONDITION","eZWebDAVServer::FAILED_PRECONDITION",
"lib/ezwebdav/classes/ezwebdavserver.php","EZ_WEBDAV_FAILED_LOCKED","eZWebDAVServer::FAILED_LOCKED",
"lib/ezwebdav/classes/ezwebdavserver.php","EZ_WEBDAV_FAILED_BAD_GATEWAY","eZWebDAVServer::FAILED_BAD_GATEWAY",
"lib/ezwebdav/classes/ezwebdavserver.php","EZ_WEBDAV_FAILED_STORAGE_FULL","eZWebDAVServer::FAILED_STORAGE_FULL",
"lib/ezwebdav/classes/ezwebdavserver.php","EZ_WEBDAV_FAILED_UNSUPPORTED","eZWebDAVServer::FAILED_UNSUPPORTED",
"lib/ezwebdav/classes/ezwebdavserver.php","EZ_WEBDAV_CTIME_FORMAT","eZWebDAVServer::CTIME_FORMAT",
"lib/ezwebdav/classes/ezwebdavserver.php","EZ_WEBDAV_MTIME_FORMAT","eZWebDAVServer::MTIME_FORMAT",
"lib/ezwebdav/classes/ezwebdavserver.php","EZ_WEBDAV_TEMP_DIRECTORY","eZWebDAVServer::tempDirectory()",
"lib/ezwebdav/classes/ezwebdavserver.php","EZ_WEBDAV_ROOT_DIRECTORY","eZWebDAVServer::rootDirectory()",
"lib/ezwebdav/classes/ezwebdavserver.php","EZ_WEBDAV_TEMP_FILE_PREFIX","eZWebDAVServer::TEMP_FILE_PREFIX",
"runcronjobs.php","eZRunCronjobs_MaxScriptExecutionTime",,
"lib/version.php","EZ_SDK_VERSION_MAJOR","eZPublishSDK::VERSION_MAJOR",
"lib/version.php","EZ_SDK_VERSION_MINOR","eZPublishSDK::VERSION_MINOR",
"lib/version.php","EZ_SDK_VERSION_RELEASE","eZPublishSDK::VERSION_RELEASE",
"lib/version.php","EZ_SDK_VERSION_STATE","eZPublishSDK::VERSION_STATE",
"lib/version.php","EZ_SDK_VERSION_DEVELOPMENT","eZPublishSDK::VERSION_DEVELOPMENT",
"lib/version.php","EZ_SDK_VERSION_REVISION_STRING","eZPublishSDK::VERSION_REVISION_STRING",
"lib/version.php","EZ_SDK_VERSION_ALIAS","eZPublishSDK::VERSION_ALIAS",
"lib/version.php","EZ_SDK_VERSION_REVISION","eZPublishSDK::VERSION_REVISION",
"lib/ezxml/classes/ezxml.php","EZ_NODE_TYPE_ELEMENT","eZDOMNode::TYPE_ELEMENT",
"lib/ezxml/classes/ezdomnode.php","EZ_XML_NODE_ELEMENT","eZDOMNode::TYPE_ELEMENT",
"lib/ezxml/classes/ezxml.php","EZ_NODE_TYPE_ATTRIBUTE","eZDOMNode::TYPE_ATTRIBUTE",
"lib/ezxml/classes/ezdomnode.php","EZ_XML_NODE_ATTRIBUTE","eZDOMNode::TYPE_ATTRIBUTE",
"lib/ezxml/classes/ezxml.php","EZ_NODE_TYPE_TEXT","eZDOMNode::TYPE_TEXT",
"lib/ezxml/classes/ezdomnode.php","EZ_XML_NODE_TEXT","eZDOMNode::TYPE_TEXT",
"lib/ezxml/classes/ezxml.php","EZ_NODE_TYPE_CDATASECTION","eZDOMNode::TYPE_CDATASECTION",
"lib/ezxml/classes/ezdomnode.php","EZ_XML_NODE_CDATASECTION","eZDOMNode::TYPE_CDATASECTION",
